Date,Service,Ligne,Nom_de_la_ligne,Taux_de_ponctualité,Nombre_de_voyageurs_à_l'heure_pour_un_voyageur_en_retard
1/1/2013,RER,A,RER A,83.60,5.10
1/1/2013,RER,B,RER B,83.60,4.00
1/1/2013,RER,C,RER C,83.60,11.30
1/1/2013,RER,D,RER D,83.60,3.50
1/1/2013,RER,E,RER E,83.60,13.90
1/1/2013,Transilien,H,Paris Nord Ouest,83.60,15.40
1/1/2013,Transilien,J,Paris Saint-Lazare Nord,83.60,4.70
1/1/2013,Transilien,K,Paris Nord Crépy,83.60,3.00
1/1/2013,Transilien,L,Paris Saint-Lazare Sud,83.60,5.30
1/1/2013,Transilien,N,Paris Montparnasse,83.60,17.90
1/1/2013,Transilien,P,Paris Est,83.60,6.00
1/1/2013,Transilien,R,Paris Sud Est,83.60,6.80
1/1/2013,Transilien,U,La Verrière - La Défense,83.60,12.00
2/1/2013,RER,A,RER A,83.60,6.20
2/1/2013,RER,B,RER B,83.60,4.10
2/1/2013,RER,C,RER C,83.60,11.20
2/1/2013,RER,D,RER D,83.60,3.80
2/1/2013,RER,E,RER E,83.60,17.90
2/1/2013,Transilien,H,Paris Nord Ouest,83.60,12.70
2/1/2013,Transilien,J,Paris Saint-Lazare Nord,83.60,7.40
2/1/2013,Transilien,K,Paris Nord Crépy,83.60,3.00
2/1/2013,Transilien,L,Paris Saint-Lazare Sud,83.60,4.60
2/1/2013,Transilien,N,Paris Montparnasse,83.60,13.90
2/1/2013,Transilien,P,Paris Est,83.60,8.40
2/1/2013,Transilien,R,Paris Sud Est,83.60,7.50
2/1/2013,Transilien,U,La Verrière - La Défense,83.60,11.00
3/1/2013,RER,A,RER A,83.60,5.30
3/1/2013,RER,B,RER B,83.60,4.80
3/1/2013,RER,C,RER C,83.60,7.10
3/1/2013,RER,D,RER D,83.60,4.00
3/1/2013,RER,E,RER E,83.60,13.10
3/1/2013,Transilien,H,Paris Nord Ouest,83.60,12.00
3/1/2013,Transilien,J,Paris Saint-Lazare Nord,83.60,5.30
3/1/2013,Transilien,K,Paris Nord Crépy,83.60,3.40
3/1/2013,Transilien,L,Paris Saint-Lazare Sud,83.60,4.50
3/1/2013,Transilien,N,Paris Montparnasse,83.60,8.20
3/1/2013,Transilien,P,Paris Est,83.60,8.10
3/1/2013,Transilien,R,Paris Sud Est,83.60,8.30
3/1/2013,Transilien,U,La Verrière - La Défense,83.60,8.30
4/1/2013,RER,A,RER A,83.60,5.00
4/1/2013,RER,B,RER B,83.60,6.40
4/1/2013,RER,C,RER C,83.60,7.80
4/1/2013,RER,D,RER D,83.60,4.80
4/1/2013,RER,E,RER E,83.60,25.30
4/1/2013,Transilien,H,Paris Nord Ouest,83.60,17.50
4/1/2013,Transilien,J,Paris Saint-Lazare Nord,83.60,5.70
4/1/2013,Transilien,K,Paris Nord Crépy,83.60,4.60
4/1/2013,Transilien,L,Paris Saint-Lazare Sud,83.60,5.40
4/1/2013,Transilien,N,Paris Montparnasse,83.60,9.20
4/1/2013,Transilien,P,Paris Est,83.60,12.70
4/1/2013,Transilien,R,Paris Sud Est,83.60,8.30
4/1/2013,Transilien,U,La Verrière - La Défense,83.60,9.10
5/1/2013,RER,A,RER A,83.60,6.40
5/1/2013,RER,B,RER B,83.60,5.30
5/1/2013,RER,C,RER C,83.60,12.00
5/1/2013,RER,D,RER D,83.60,6.80
5/1/2013,RER,E,RER E,83.60,21.20
5/1/2013,Transilien,H,Paris Nord Ouest,83.60,23.40
5/1/2013,Transilien,J,Paris Saint-Lazare Nord,83.60,10.80
5/1/2013,Transilien,K,Paris Nord Crépy,83.60,4.30
5/1/2013,Transilien,L,Paris Saint-Lazare Sud,83.60,9.60
5/1/2013,Transilien,N,Paris Montparnasse,83.60,24.60
5/1/2013,Transilien,P,Paris Est,83.60,9.40
5/1/2013,Transilien,R,Paris Sud Est,83.60,13.30
5/1/2013,Transilien,U,La Verrière - La Défense,83.60,20.30
6/1/2013,RER,A,RER A,83.60,5.00
6/1/2013,RER,B,RER B,83.60,4.60
6/1/2013,RER,C,RER C,83.60,9.30
6/1/2013,RER,D,RER D,83.60,5.70
6/1/2013,RER,E,RER E,83.60,15.40
6/1/2013,Transilien,H,Paris Nord Ouest,83.60,15.90
6/1/2013,Transilien,J,Paris Saint-Lazare Nord,83.60,5.10
6/1/2013,Transilien,K,Paris Nord Crépy,83.60,2.60
6/1/2013,Transilien,L,Paris Saint-Lazare Sud,83.60,4.60
6/1/2013,Transilien,N,Paris Montparnasse,83.60,15.40
6/1/2013,Transilien,P,Paris Est,83.60,8.40
6/1/2013,Transilien,R,Paris Sud Est,83.60,8.50
6/1/2013,Transilien,U,La Verrière - La Défense,83.60,13.70
7/1/2013,RER,A,RER A,83.60,5.00
7/1/2013,RER,B,RER B,83.60,5.30
7/1/2013,RER,C,RER C,83.60,9.90
7/1/2013,RER,D,RER D,83.60,5.80
7/1/2013,RER,E,RER E,83.60,15.70
7/1/2013,Transilien,H,Paris Nord Ouest,83.60,16.90
7/1/2013,Transilien,J,Paris Saint-Lazare Nord,83.60,6.70
7/1/2013,Transilien,K,Paris Nord Crépy,83.60,5.70
7/1/2013,Transilien,L,Paris Saint-Lazare Sud,83.60,6.80
7/1/2013,Transilien,N,Paris Montparnasse,83.60,13.70
7/1/2013,Transilien,P,Paris Est,83.60,9.10
7/1/2013,Transilien,R,Paris Sud Est,83.60,7.70
7/1/2013,Transilien,U,La Verrière - La Défense,83.60,16.50
8/1/2013,RER,A,RER A,83.60,8.00
8/1/2013,RER,B,RER B,83.60,8.90
8/1/2013,RER,C,RER C,83.60,14.20
8/1/2013,RER,D,RER D,83.60,9.40
8/1/2013,RER,E,RER E,83.60,20.70
8/1/2013,Transilien,H,Paris Nord Ouest,83.60,20.70
8/1/2013,Transilien,J,Paris Saint-Lazare Nord,83.60,8.30
8/1/2013,Transilien,K,Paris Nord Crépy,83.60,7.50
8/1/2013,Transilien,L,Paris Saint-Lazare Sud,83.60,8.90
8/1/2013,Transilien,N,Paris Montparnasse,83.60,24.00
8/1/2013,Transilien,P,Paris Est,83.60,11.70
8/1/2013,Transilien,R,Paris Sud Est,83.60,11.50
8/1/2013,Transilien,U,La Verrière - La Défense,83.60,20.30
9/1/2013,RER,A,RER A,83.60,5.00
9/1/2013,RER,B,RER B,83.60,6.50
9/1/2013,RER,C,RER C,83.60,13.50
9/1/2013,RER,D,RER D,83.60,4.90
9/1/2013,RER,E,RER E,83.60,30.30
9/1/2013,Transilien,H,Paris Nord Ouest,83.60,20.70
9/1/2013,Transilien,J,Paris Saint-Lazare Nord,83.60,7.90
9/1/2013,Transilien,K,Paris Nord Crépy,83.60,6.10
9/1/2013,Transilien,L,Paris Saint-Lazare Sud,83.60,5.60
9/1/2013,Transilien,N,Paris Montparnasse,83.60,12.70
9/1/2013,Transilien,P,Paris Est,83.60,7.30
9/1/2013,Transilien,R,Paris Sud Est,83.60,8.60
9/1/2013,Transilien,U,La Verrière - La Défense,83.60,13.10
10/1/2013,RER,A,RER A,83.60,4.90
10/1/2013,RER,B,RER B,83.60,4.20
10/1/2013,RER,C,RER C,83.60,5.90
10/1/2013,RER,D,RER D,83.60,3.90
10/1/2013,RER,E,RER E,83.60,19.80
10/1/2013,Transilien,H,Paris Nord Ouest,83.60,16.20
10/1/2013,Transilien,J,Paris Saint-Lazare Nord,83.60,5.00
10/1/2013,Transilien,K,Paris Nord Crépy,83.60,4.30
10/1/2013,Transilien,L,Paris Saint-Lazare Sud,83.60,4.60
10/1/2013,Transilien,N,Paris Montparnasse,83.60,12.50
10/1/2013,Transilien,P,Paris Est,83.60,6.90
10/1/2013,Transilien,R,Paris Sud Est,83.60,8.40
10/1/2013,Transilien,U,La Verrière - La Défense,83.60,10.90
11/1/2013,RER,A,RER A,83.60,4.20
11/1/2013,RER,B,RER B,83.60,3.50
11/1/2013,RER,C,RER C,83.60,5.90
11/1/2013,RER,D,RER D,83.60,3.30
11/1/2013,RER,E,RER E,83.60,11.50
11/1/2013,Transilien,H,Paris Nord Ouest,83.60,13.50
11/1/2013,Transilien,J,Paris Saint-Lazare Nord,83.60,4.20
11/1/2013,Transilien,K,Paris Nord Crépy,83.60,3.50
11/1/2013,Transilien,L,Paris Saint-Lazare Sud,83.60,3.50
11/1/2013,Transilien,N,Paris Montparnasse,83.60,7.40
11/1/2013,Transilien,P,Paris Est,83.60,4.80
11/1/2013,Transilien,R,Paris Sud Est,83.60,4.70
11/1/2013,Transilien,U,La Verrière - La Défense,83.60,7.60
12/1/2013,RER,A,RER A,83.60,4.30
12/1/2013,RER,B,RER B,83.60,4.70
12/1/2013,RER,C,RER C,83.60,10.00
12/1/2013,RER,D,RER D,83.60,5.90
12/1/2013,RER,E,RER E,83.60,18.60
12/1/2013,Transilien,H,Paris Nord Ouest,83.60,17.90
12/1/2013,Transilien,J,Paris Saint-Lazare Nord,83.60,5.40
12/1/2013,Transilien,K,Paris Nord Crépy,83.60,4.90
12/1/2013,Transilien,L,Paris Saint-Lazare Sud,83.60,4.90
12/1/2013,Transilien,N,Paris Montparnasse,83.60,12.90
12/1/2013,Transilien,P,Paris Est,83.60,10.10
12/1/2013,Transilien,R,Paris Sud Est,83.60,9.20
12/1/2013,Transilien,U,La Verrière - La Défense,83.60,9.60
1/1/2014,RER,A,RER A,83.60,4.30
1/1/2014,RER,B,RER B,83.60,4.30
1/1/2014,RER,C,RER C,83.60,10.60
1/1/2014,RER,D,RER D,83.60,6.10
1/1/2014,RER,E,RER E,83.60,14.60
1/1/2014,Transilien,H,Paris Nord Ouest,83.60,23.40
1/1/2014,Transilien,J,Paris Saint-Lazare Nord,83.60,4.60
1/1/2014,Transilien,K,Paris Nord Crépy,83.60,3.30
1/1/2014,Transilien,L,Paris Saint-Lazare Sud,83.60,4.60
1/1/2014,Transilien,N,Paris Montparnasse,83.60,24.60
1/1/2014,Transilien,P,Paris Est,83.60,10.10
1/1/2014,Transilien,R,Paris Sud Est,83.60,8.70
1/1/2014,Transilien,U,La Verrière - La Défense,83.60,13.70
2/1/2014,RER,A,RER A,83.60,6.00
2/1/2014,RER,B,RER B,83.60,8.00
2/1/2014,RER,C,RER C,83.60,9.90
2/1/2014,RER,D,RER D,83.60,7.50
2/1/2014,RER,E,RER E,83.60,19.00
2/1/2014,Transilien,H,Paris Nord Ouest,83.60,24.60
2/1/2014,Transilien,J,Paris Saint-Lazare Nord,83.60,5.80
2/1/2014,Transilien,K,Paris Nord Crépy,83.60,5.40
2/1/2014,Transilien,L,Paris Saint-Lazare Sud,83.60,4.90
2/1/2014,Transilien,N,Paris Montparnasse,83.60,19.40
2/1/2014,Transilien,P,Paris Est,83.60,9.40
2/1/2014,Transilien,R,Paris Sud Est,83.60,5.80
2/1/2014,Transilien,U,La Verrière - La Défense,83.60,11.80
3/1/2014,RER,A,RER A,83.60,5.00
3/1/2014,RER,B,RER B,83.60,7.30
3/1/2014,RER,C,RER C,83.60,10.80
3/1/2014,RER,D,RER D,83.60,7.30
3/1/2014,RER,E,RER E,83.60,16.90
3/1/2014,Transilien,H,Paris Nord Ouest,83.60,26.80
3/1/2014,Transilien,J,Paris Saint-Lazare Nord,83.60,6.80
3/1/2014,Transilien,K,Paris Nord Crépy,83.60,7.30
3/1/2014,Transilien,L,Paris Saint-Lazare Sud,83.60,7.50
3/1/2014,Transilien,N,Paris Montparnasse,83.60,20.70
3/1/2014,Transilien,P,Paris Est,83.60,7.90
3/1/2014,Transilien,R,Paris Sud Est,83.60,10.80
3/1/2014,Transilien,U,La Verrière - La Défense,83.60,15.70
4/1/2014,RER,A,RER A,83.60,6.00
4/1/2014,RER,B,RER B,83.60,7.70
4/1/2014,RER,C,RER C,83.60,10.90
4/1/2014,RER,D,RER D,83.60,7.70
4/1/2014,RER,E,RER E,83.60,15.40
4/1/2014,Transilien,H,Paris Nord Ouest,83.60,22.30
4/1/2014,Transilien,J,Paris Saint-Lazare Nord,83.60,8.00
4/1/2014,Transilien,K,Paris Nord Crépy,83.60,6.70
4/1/2014,Transilien,L,Paris Saint-Lazare Sud,83.60,6.50
4/1/2014,Transilien,N,Paris Montparnasse,83.60,22.80
4/1/2014,Transilien,P,Paris Est,83.60,7.30
4/1/2014,Transilien,R,Paris Sud Est,83.60,7.70
4/1/2014,Transilien,U,La Verrière - La Défense,83.60,17.20
5/1/2014,RER,A,RER A,83.60,7.10
5/1/2014,RER,B,RER B,83.60,8.40
5/1/2014,RER,C,RER C,83.60,11.00
5/1/2014,RER,D,RER D,83.60,6.10
5/1/2014,RER,E,RER E,83.60,13.90
5/1/2014,Transilien,H,Paris Nord Ouest,83.60,31.30
5/1/2014,Transilien,J,Paris Saint-Lazare Nord,83.60,6.80
5/1/2014,Transilien,K,Paris Nord Crépy,83.60,11.30
5/1/2014,Transilien,L,Paris Saint-Lazare Sud,83.60,7.90
5/1/2014,Transilien,N,Paris Montparnasse,83.60,24.60
5/1/2014,Transilien,P,Paris Est,83.60,12.70
5/1/2014,Transilien,R,Paris Sud Est,83.60,8.70
5/1/2014,Transilien,U,La Verrière - La Défense,83.60,15.70
6/1/2014,RER,A,RER A,83.60,2.60
6/1/2014,RER,C,RER C,83.60,6.90
6/1/2014,RER,D,RER D,83.60,5.80
6/1/2014,RER,E,RER E,83.60,20.70
6/1/2014,Transilien,H,Paris Nord Ouest,83.60,15.40
6/1/2014,Transilien,J,Paris Saint-Lazare Nord,83.60,5.60
6/1/2014,Transilien,K,Paris Nord Crépy,83.60,3.90
6/1/2014,Transilien,L,Paris Saint-Lazare Sud,83.60,5.30
6/1/2014,Transilien,N,Paris Montparnasse,83.60,17.90
6/1/2014,Transilien,P,Paris Est,83.60,8.40
6/1/2014,Transilien,R,Paris Sud Est,83.60,6.20
6/1/2014,Transilien,U,La Verrière - La Défense,83.60,21.20
7/1/2014,RER,A,RER A,83.60,2.40
7/1/2014,RER,B,RER B,83.60,6.60
7/1/2014,RER,C,RER C,83.60,5.20
7/1/2014,RER,D,RER D,83.60,6.50
7/1/2014,RER,E,RER E,83.60,12.30
7/1/2014,Transilien,H,Paris Nord Ouest,83.60,13.50
7/1/2014,Transilien,J,Paris Saint-Lazare Nord,83.60,6.10
7/1/2014,Transilien,K,Paris Nord Crépy,83.60,7.10
7/1/2014,Transilien,L,Paris Saint-Lazare Sud,83.60,5.90
7/1/2014,Transilien,N,Paris Montparnasse,83.60,16.20
7/1/2014,Transilien,P,Paris Est,83.60,7.40
7/1/2014,Transilien,R,Paris Sud Est,83.60,8.70
7/1/2014,Transilien,U,La Verrière - La Défense,83.60,13.90
8/1/2014,RER,A,RER A,83.60,4.30
8/1/2014,RER,B,RER B,83.60,9.80
8/1/2014,RER,C,RER C,83.60,15.40
8/1/2014,RER,D,RER D,83.60,11.50
8/1/2014,RER,E,RER E,83.60,24.00
8/1/2014,Transilien,H,Paris Nord Ouest,83.60,21.20
8/1/2014,Transilien,J,Paris Saint-Lazare Nord,83.60,6.90
8/1/2014,Transilien,K,Paris Nord Crépy,83.60,10.50
8/1/2014,Transilien,L,Paris Saint-Lazare Sud,83.60,11.50
8/1/2014,Transilien,N,Paris Montparnasse,83.60,15.70
8/1/2014,Transilien,P,Paris Est,83.60,12.50
8/1/2014,Transilien,R,Paris Sud Est,83.60,13.70
8/1/2014,Transilien,U,La Verrière - La Défense,83.60,20.70
9/1/2014,RER,A,RER A,83.60,2.40
9/1/2014,RER,B,RER B,83.60,6.90
9/1/2014,RER,C,RER C,83.60,13.10
9/1/2014,RER,D,RER D,83.60,6.70
9/1/2014,RER,E,RER E,83.60,24.00
9/1/2014,Transilien,H,Paris Nord Ouest,83.60,26.00
9/1/2014,Transilien,J,Paris Saint-Lazare Nord,83.60,5.50
9/1/2014,Transilien,K,Paris Nord Crépy,83.60,11.70
9/1/2014,Transilien,L,Paris Saint-Lazare Sud,83.60,6.00
9/1/2014,Transilien,N,Paris Montparnasse,83.60,10.90
9/1/2014,Transilien,P,Paris Est,83.60,14.40
9/1/2014,Transilien,R,Paris Sud Est,83.60,8.00
9/1/2014,Transilien,U,La Verrière - La Défense,83.60,23.40
10/1/2014,RER,A,RER A,83.60,2.20
10/1/2014,RER,B,RER B,83.60,5.90
10/1/2014,RER,C,RER C,83.60,5.30
10/1/2014,RER,D,RER D,83.60,4.40
10/1/2014,RER,E,RER E,83.60,15.70
10/1/2014,Transilien,H,Paris Nord Ouest,83.60,14.90
10/1/2014,Transilien,J,Paris Saint-Lazare Nord,83.60,5.00
10/1/2014,Transilien,K,Paris Nord Crépy,83.60,6.40
10/1/2014,Transilien,L,Paris Saint-Lazare Sud,83.60,4.70
10/1/2014,Transilien,N,Paris Montparnasse,83.60,10.10
10/1/2014,Transilien,P,Paris Est,83.60,9.80
10/1/2014,Transilien,R,Paris Sud Est,83.60,3.50
10/1/2014,Transilien,U,La Verrière - La Défense,83.60,14.60
11/1/2014,RER,A,RER A,83.60,2.30
11/1/2014,RER,B,RER B,83.60,6.20
11/1/2014,RER,C,RER C,83.60,6.50
11/1/2014,RER,D,RER D,83.60,5.60
11/1/2014,RER,E,RER E,83.60,22.10
11/1/2014,Transilien,H,Paris Nord Ouest,83.60,18.00
11/1/2014,Transilien,J,Paris Saint-Lazare Nord,83.60,6.00
11/1/2014,Transilien,K,Paris Nord Crépy,83.60,5.50
11/1/2014,Transilien,L,Paris Saint-Lazare Sud,83.60,4.40
11/1/2014,Transilien,N,Paris Montparnasse,83.60,10.70
11/1/2014,Transilien,P,Paris Est,83.60,6.90
11/1/2014,Transilien,R,Paris Sud Est,83.60,5.60
11/1/2014,Transilien,U,La Verrière - La Défense,83.60,8.00
12/1/2014,RER,A,RER A,83.60,2.10
12/1/2014,RER,B,RER B,83.60,5.50
12/1/2014,RER,C,RER C,83.60,8.30
12/1/2014,RER,D,RER D,83.60,5.30
12/1/2014,RER,E,RER E,83.60,12.70
12/1/2014,Transilien,H,Paris Nord Ouest,83.60,15.90
12/1/2014,Transilien,J,Paris Saint-Lazare Nord,83.60,5.40
12/1/2014,Transilien,K,Paris Nord Crépy,83.60,5.10
12/1/2014,Transilien,L,Paris Saint-Lazare Sud,83.60,4.10
12/1/2014,Transilien,N,Paris Montparnasse,83.60,15.70
12/1/2014,Transilien,P,Paris Est,83.60,7.80
12/1/2014,Transilien,R,Paris Sud Est,83.60,7.10
12/1/2014,Transilien,U,La Verrière - La Défense,83.60,11.20
1/1/2015,RER,A,RER A,83.60,2.90
1/1/2015,RER,B,RER B,83.60,7.70
1/1/2015,RER,C,RER C,83.60,10.60
1/1/2015,RER,D,RER D,83.60,6.40
1/1/2015,RER,E,RER E,83.60,18.60
1/1/2015,Transilien,H,Paris Nord Ouest,83.60,21.50
1/1/2015,Transilien,J,Paris Saint-Lazare Nord,83.60,6.80
1/1/2015,Transilien,K,Paris Nord Crépy,83.60,6.80
1/1/2015,Transilien,L,Paris Saint-Lazare Sud,83.60,4.60
1/1/2015,Transilien,N,Paris Montparnasse,83.60,15.40
1/1/2015,Transilien,P,Paris Est,83.60,10.00
1/1/2015,Transilien,R,Paris Sud Est,83.60,8.30
1/1/2015,Transilien,U,La Verrière - La Défense,83.60,17.80
2/1/2015,RER,A,RER A,83.60,2.70
2/1/2015,RER,B,RER B,83.60,5.80
2/1/2015,RER,C,RER C,83.60,10.90
2/1/2015,RER,D,RER D,83.60,7.10
2/1/2015,RER,E,RER E,83.60,15.90
2/1/2015,Transilien,H,Paris Nord Ouest,83.60,16.20
2/1/2015,Transilien,J,Paris Saint-Lazare Nord,83.60,5.70
2/1/2015,Transilien,K,Paris Nord Crépy,83.60,5.70
2/1/2015,Transilien,L,Paris Saint-Lazare Sud,83.60,4.50
2/1/2015,Transilien,N,Paris Montparnasse,83.60,15.10
2/1/2015,Transilien,P,Paris Est,83.60,12.80
2/1/2015,Transilien,R,Paris Sud Est,83.60,10.40
2/1/2015,Transilien,U,La Verrière - La Défense,83.60,10.70
3/1/2015,RER,A,RER A,83.60,2.60
3/1/2015,RER,B,RER B,83.60,8.90
3/1/2015,RER,C,RER C,83.60,8.00
3/1/2015,RER,D,RER D,83.60,6.30
3/1/2015,RER,E,RER E,83.60,26.20
3/1/2015,Transilien,H,Paris Nord Ouest,83.60,24.40
3/1/2015,Transilien,J,Paris Saint-Lazare Nord,83.60,7.00
3/1/2015,Transilien,K,Paris Nord Crépy,83.60,7.40
3/1/2015,Transilien,L,Paris Saint-Lazare Sud,83.60,4.80
3/1/2015,Transilien,N,Paris Montparnasse,83.60,18.10
3/1/2015,Transilien,P,Paris Est,83.60,13.80
3/1/2015,Transilien,R,Paris Sud Est,83.60,9.40
3/1/2015,Transilien,U,La Verrière - La Défense,83.60,23.50
4/1/2015,RER,A,RER A,83.60,2.60
4/1/2015,RER,B,RER B,83.60,6.20
4/1/2015,RER,C,RER C,83.60,8.30
4/1/2015,RER,D,RER D,83.60,6.40
4/1/2015,RER,E,RER E,83.60,9.60
4/1/2015,Transilien,H,Paris Nord Ouest,83.60,19.30
4/1/2015,Transilien,J,Paris Saint-Lazare Nord,83.60,9.90
4/1/2015,Transilien,K,Paris Nord Crépy,83.60,6.20
4/1/2015,Transilien,L,Paris Saint-Lazare Sud,83.60,4.50
4/1/2015,Transilien,N,Paris Montparnasse,83.60,15.40
4/1/2015,Transilien,P,Paris Est,83.60,7.30
4/1/2015,Transilien,R,Paris Sud Est,83.60,6.20
4/1/2015,Transilien,U,La Verrière - La Défense,83.60,13.60
5/1/2015,RER,A,RER A,83.60,2.50
5/1/2015,RER,B,RER B,83.60,6.70
5/1/2015,RER,C,RER C,83.60,10.70
5/1/2015,RER,D,RER D,83.60,6.30
5/1/2015,RER,E,RER E,83.60,23.90
5/1/2015,Transilien,H,Paris Nord Ouest,83.60,23.60
5/1/2015,Transilien,J,Paris Saint-Lazare Nord,83.60,10.00
5/1/2015,Transilien,K,Paris Nord Crépy,83.60,10.60
5/1/2015,Transilien,L,Paris Saint-Lazare Sud,83.60,6.10
5/1/2015,Transilien,N,Paris Montparnasse,83.60,15.10
5/1/2015,Transilien,P,Paris Est,83.60,12.70
5/1/2015,Transilien,R,Paris Sud Est,83.60,6.00
5/1/2015,Transilien,U,La Verrière - La Défense,83.60,18.80
6/1/2015,RER,A,RER A,83.60,2.50
6/1/2015,RER,B,RER B,83.60,5.70
6/1/2015,RER,C,RER C,83.60,6.20
6/1/2015,RER,D,RER D,83.60,4.80
6/1/2015,RER,E,RER E,83.60,13.40
6/1/2015,Transilien,H,Paris Nord Ouest,83.60,12.00
6/1/2015,Transilien,J,Paris Saint-Lazare Nord,83.60,8.10
6/1/2015,Transilien,K,Paris Nord Crépy,83.60,9.00
6/1/2015,Transilien,L,Paris Saint-Lazare Sud,83.60,4.80
6/1/2015,Transilien,N,Paris Montparnasse,83.60,7.20
6/1/2015,Transilien,P,Paris Est,83.60,8.00
6/1/2015,Transilien,R,Paris Sud Est,83.60,5.80
6/1/2015,Transilien,U,La Verrière - La Défense,83.60,14.80
7/1/2015,RER,A,RER A,83.60,2.70
7/1/2015,RER,B,RER B,83.60,10.00
7/1/2015,RER,C,RER C,83.60,7.50
7/1/2015,RER,D,RER D,83.60,7.10
7/1/2015,RER,E,RER E,83.60,14.40
7/1/2015,Transilien,H,Paris Nord Ouest,83.60,12.90
7/1/2015,Transilien,J,Paris Saint-Lazare Nord,83.60,6.60
7/1/2015,Transilien,K,Paris Nord Crépy,83.60,8.40
7/1/2015,Transilien,L,Paris Saint-Lazare Sud,83.60,3.70
7/1/2015,Transilien,N,Paris Montparnasse,83.60,9.60
7/1/2015,Transilien,P,Paris Est,83.60,9.10
7/1/2015,Transilien,R,Paris Sud Est,83.60,7.90
7/1/2015,Transilien,U,La Verrière - La Défense,83.60,12.00
8/1/2015,RER,A,RER A,83.60,4.90
8/1/2015,RER,B,RER B,83.60,13.10
8/1/2015,RER,C,RER C,83.60,13.50
8/1/2015,RER,D,RER D,83.60,10.80
8/1/2015,RER,E,RER E,83.60,17.90
8/1/2015,Transilien,H,Paris Nord Ouest,83.60,26.00
8/1/2015,Transilien,J,Paris Saint-Lazare Nord,83.60,9.00
8/1/2015,Transilien,K,Paris Nord Crépy,83.60,7.10
8/1/2015,Transilien,L,Paris Saint-Lazare Sud,83.60,8.90
8/1/2015,Transilien,N,Paris Montparnasse,83.60,26.00
8/1/2015,Transilien,P,Paris Est,83.60,9.90
8/1/2015,Transilien,R,Paris Sud Est,83.60,10.40
8/1/2015,Transilien,U,La Verrière - La Défense,83.60,23.40
9/1/2015,RER,A,RER A,83.60,2.30
9/1/2015,RER,B,RER B,83.60,8.40
9/1/2015,RER,C,RER C,83.60,9.70
9/1/2015,RER,D,RER D,83.60,6.70
9/1/2015,RER,E,RER E,83.60,8.90
9/1/2015,Transilien,H,Paris Nord Ouest,83.60,22.00
9/1/2015,Transilien,J,Paris Saint-Lazare Nord,83.60,5.70
9/1/2015,Transilien,K,Paris Nord Crépy,83.60,7.30
9/1/2015,Transilien,L,Paris Saint-Lazare Sud,83.60,5.30
9/1/2015,Transilien,N,Paris Montparnasse,83.60,13.20
9/1/2015,Transilien,P,Paris Est,83.60,6.20
9/1/2015,Transilien,R,Paris Sud Est,83.60,8.60
9/1/2015,Transilien,U,La Verrière - La Défense,83.60,12.90
10/1/2015,RER,A,RER A,83.60,1.90
10/1/2015,RER,B,RER B,83.60,9.00
10/1/2015,RER,C,RER C,83.60,7.40
10/1/2015,RER,D,RER D,83.60,5.30
10/1/2015,RER,E,RER E,83.60,18.90
10/1/2015,Transilien,H,Paris Nord Ouest,83.60,14.40
10/1/2015,Transilien,J,Paris Saint-Lazare Nord,83.60,7.30
10/1/2015,Transilien,K,Paris Nord Crépy,83.60,9.20
10/1/2015,Transilien,L,Paris Saint-Lazare Sud,83.60,4.80
10/1/2015,Transilien,N,Paris Montparnasse,83.60,7.00
10/1/2015,Transilien,P,Paris Est,83.60,9.80
10/1/2015,Transilien,R,Paris Sud Est,83.60,5.70
10/1/2015,Transilien,U,La Verrière - La Défense,83.60,10.70
11/1/2015,RER,A,RER A,83.60,2.00
11/1/2015,RER,B,RER B,83.60,6.50
11/1/2015,RER,C,RER C,83.60,6.00
11/1/2015,RER,D,RER D,83.60,4.40
11/1/2015,RER,E,RER E,83.60,13.10
11/1/2015,Transilien,H,Paris Nord Ouest,83.60,16.50
11/1/2015,Transilien,J,Paris Saint-Lazare Nord,83.60,7.50
11/1/2015,Transilien,K,Paris Nord Crépy,83.60,5.70
11/1/2015,Transilien,L,Paris Saint-Lazare Sud,83.60,4.20
11/1/2015,Transilien,N,Paris Montparnasse,83.60,7.70
11/1/2015,Transilien,P,Paris Est,83.60,7.30
11/1/2015,Transilien,R,Paris Sud Est,83.60,4.60
11/1/2015,Transilien,U,La Verrière - La Défense,83.60,9.50
12/1/2015,RER,A,RER A,83.60,2.40
12/1/2015,RER,B,RER B,83.60,7.30
12/1/2015,RER,C,RER C,83.60,9.30
12/1/2015,RER,D,RER D,83.60,7.70
12/1/2015,RER,E,RER E,83.60,21.20
12/1/2015,Transilien,H,Paris Nord Ouest,83.60,25.30
12/1/2015,Transilien,J,Paris Saint-Lazare Nord,83.60,8.70
12/1/2015,Transilien,K,Paris Nord Crépy,83.60,6.10
12/1/2015,Transilien,L,Paris Saint-Lazare Sud,83.60,7.40
12/1/2015,Transilien,N,Paris Montparnasse,83.60,12.50
12/1/2015,Transilien,P,Paris Est,83.60,12.30
12/1/2015,Transilien,R,Paris Sud Est,83.60,6.60
12/1/2015,Transilien,U,La Verrière - La Défense,83.60,13.10
1/1/2016,RER,A,RER A,83.60,2.20
1/1/2016,RER,B,RER B,83.60,5.90
1/1/2016,RER,C,RER C,83.60,8.90
1/1/2016,RER,D,RER D,83.60,4.40
1/1/2016,RER,E,RER E,83.60,19.40
1/1/2016,Transilien,H,Paris Nord Ouest,83.60,22.30
1/1/2016,Transilien,J,Paris Saint-Lazare Nord,83.60,10.90
1/1/2016,Transilien,K,Paris Nord Crépy,83.60,4.40
1/1/2016,Transilien,L,Paris Saint-Lazare Sud,83.60,8.10
1/1/2016,Transilien,N,Paris Montparnasse,83.60,11.70
1/1/2016,Transilien,P,Paris Est,83.60,8.50
1/1/2016,Transilien,R,Paris Sud Est,83.60,6.80
1/1/2016,Transilien,U,La Verrière - La Défense,83.60,15.90
2/1/2016,RER,A,RER A,83.60,2.50
2/1/2016,RER,B,RER B,83.60,6.60
2/1/2016,RER,C,RER C,83.60,7.70
2/1/2016,RER,D,RER D,83.60,6.50
2/1/2016,RER,E,RER E,83.60,13.50
2/1/2016,Transilien,H,Paris Nord Ouest,83.60,19.40
2/1/2016,Transilien,J,Paris Saint-Lazare Nord,83.60,10.80
2/1/2016,Transilien,K,Paris Nord Crépy,83.60,5.90
2/1/2016,Transilien,L,Paris Saint-Lazare Sud,83.60,8.40
2/1/2016,Transilien,N,Paris Montparnasse,83.60,14.90
2/1/2016,Transilien,P,Paris Est,83.60,7.40
2/1/2016,Transilien,R,Paris Sud Est,83.60,7.40
2/1/2016,Transilien,U,La Verrière - La Défense,83.60,30.30
3/1/2016,RER,A,RER A,83.60,2.60
3/1/2016,RER,B,RER B,83.60,8.50
3/1/2016,RER,C,RER C,83.60,7.50
3/1/2016,RER,D,RER D,83.60,5.40
3/1/2016,RER,E,RER E,83.60,22.30
3/1/2016,Transilien,H,Paris Nord Ouest,83.60,12.70
3/1/2016,Transilien,J,Paris Saint-Lazare Nord,83.60,10.20
3/1/2016,Transilien,K,Paris Nord Crépy,83.60,6.00
3/1/2016,Transilien,L,Paris Saint-Lazare Sud,83.60,8.90
3/1/2016,Transilien,N,Paris Montparnasse,83.60,13.70
3/1/2016,Transilien,P,Paris Est,83.60,8.30
3/1/2016,Transilien,R,Paris Sud Est,83.60,9.90
3/1/2016,Transilien,U,La Verrière - La Défense,83.60,14.40
4/1/2016,RER,A,RER A,83.60,2.60
4/1/2016,RER,B,RER B,83.60,9.10
4/1/2016,RER,C,RER C,83.60,9.60
4/1/2016,RER,D,RER D,83.60,8.30
4/1/2016,RER,E,RER E,83.60,14.90
4/1/2016,Transilien,H,Paris Nord Ouest,83.60,26.80
4/1/2016,Transilien,J,Paris Saint-Lazare Nord,83.60,10.10
4/1/2016,Transilien,K,Paris Nord Crépy,83.60,8.80
4/1/2016,Transilien,L,Paris Saint-Lazare Sud,83.60,8.40
4/1/2016,Transilien,N,Paris Montparnasse,83.60,16.50
4/1/2016,Transilien,P,Paris Est,83.60,8.40
4/1/2016,Transilien,R,Paris Sud Est,83.60,9.10
4/1/2016,Transilien,U,La Verrière - La Défense,83.60,22.80
5/1/2016,RER,A,RER A,83.60,3.00
5/1/2016,RER,B,RER B,83.60,6.10
5/1/2016,RER,C,RER C,83.60,7.80
5/1/2016,RER,D,RER D,83.60,6.00
5/1/2016,RER,E,RER E,83.60,10.10
5/1/2016,Transilien,H,Paris Nord Ouest,83.60,24.60
5/1/2016,Transilien,J,Paris Saint-Lazare Nord,83.60,7.10
5/1/2016,Transilien,K,Paris Nord Crépy,83.60,12.00
5/1/2016,Transilien,L,Paris Saint-Lazare Sud,83.60,6.90
5/1/2016,Transilien,N,Paris Montparnasse,83.60,8.90
5/1/2016,Transilien,P,Paris Est,83.60,7.30
5/1/2016,Transilien,R,Paris Sud Est,83.60,4.30
5/1/2016,Transilien,U,La Verrière - La Défense,83.60,14.40
6/1/2016,RER,A,RER A,83.60,2.40
6/1/2016,RER,B,RER B,83.60,7.40
6/1/2016,RER,C,RER C,83.60,7.40
6/1/2016,RER,D,RER D,83.60,4.90
6/1/2016,RER,E,RER E,83.60,13.30
6/1/2016,Transilien,H,Paris Nord Ouest,83.60,15.10
6/1/2016,Transilien,J,Paris Saint-Lazare Nord,83.60,9.50
6/1/2016,Transilien,K,Paris Nord Crépy,83.60,8.40
6/1/2016,Transilien,L,Paris Saint-Lazare Sud,83.60,7.50
6/1/2016,Transilien,N,Paris Montparnasse,83.60,4.10
6/1/2016,Transilien,P,Paris Est,83.60,9.10
6/1/2016,Transilien,R,Paris Sud Est,83.60,5.50
6/1/2016,Transilien,U,La Verrière - La Défense,83.60,10.10
7/1/2016,RER,A,RER A,83.60,2.70
7/1/2016,RER,B,RER B,83.60,7.20
7/1/2016,RER,C,RER C,83.60,6.40
7/1/2016,RER,D,RER D,83.60,6.00
7/1/2016,RER,E,RER E,83.60,8.90
7/1/2016,Transilien,H,Paris Nord Ouest,83.60,11.20
7/1/2016,Transilien,J,Paris Saint-Lazare Nord,83.60,6.80
7/1/2016,Transilien,K,Paris Nord Crépy,83.60,6.60
7/1/2016,Transilien,L,Paris Saint-Lazare Sud,83.60,7.10
7/1/2016,Transilien,N,Paris Montparnasse,83.60,17.90
7/1/2016,Transilien,P,Paris Est,83.60,6.40
7/1/2016,Transilien,R,Paris Sud Est,83.60,6.50
7/1/2016,Transilien,U,La Verrière - La Défense,83.60,27.60
8/1/2016,RER,A,RER A,83.60,4.60
8/1/2016,RER,B,RER B,83.60,13.70
8/1/2016,RER,C,RER C,83.60,9.30
8/1/2016,RER,D,RER D,83.60,8.80
8/1/2016,RER,E,RER E,83.60,12.70
8/1/2016,Transilien,H,Paris Nord Ouest,83.60,19.40
8/1/2016,Transilien,J,Paris Saint-Lazare Nord,83.60,6.30
8/1/2016,Transilien,K,Paris Nord Crépy,83.60,8.40
8/1/2016,Transilien,L,Paris Saint-Lazare Sud,83.60,7.20
8/1/2016,Transilien,N,Paris Montparnasse,83.60,11.50
8/1/2016,Transilien,P,Paris Est,83.60,7.10
8/1/2016,Transilien,R,Paris Sud Est,83.60,8.40
8/1/2016,Transilien,U,La Verrière - La Défense,83.60,13.70
9/1/2016,RER,A,RER A,83.60,2.40
9/1/2016,RER,B,RER B,83.60,7.20
9/1/2016,RER,C,RER C,83.60,7.80
9/1/2016,RER,D,RER D,83.60,6.00
9/1/2016,RER,E,RER E,83.60,16.90
9/1/2016,Transilien,H,Paris Nord Ouest,83.60,26.80
9/1/2016,Transilien,J,Paris Saint-Lazare Nord,83.60,11.70
9/1/2016,Transilien,K,Paris Nord Crépy,83.60,26.00
9/1/2016,Transilien,L,Paris Saint-Lazare Sud,83.60,9.80
9/1/2016,Transilien,N,Paris Montparnasse,83.60,9.90
9/1/2016,Transilien,P,Paris Est,83.60,13.30
9/1/2016,Transilien,R,Paris Sud Est,83.60,6.90
9/1/2016,Transilien,U,La Verrière - La Défense,83.60,12.20
10/1/2016,RER,A,RER A,83.60,2.40
10/1/2016,RER,B,RER B,83.60,5.10
10/1/2016,RER,C,RER C,83.60,8.30
10/1/2016,RER,D,RER D,83.60,5.60
10/1/2016,RER,E,RER E,83.60,13.30
10/1/2016,Transilien,H,Paris Nord Ouest,83.60,21.70
10/1/2016,Transilien,J,Paris Saint-Lazare Nord,83.60,9.80
10/1/2016,Transilien,K,Paris Nord Crépy,83.60,20.70
10/1/2016,Transilien,L,Paris Saint-Lazare Sud,83.60,7.50
10/1/2016,Transilien,N,Paris Montparnasse,83.60,14.90
10/1/2016,Transilien,P,Paris Est,83.60,9.80
10/1/2016,Transilien,R,Paris Sud Est,83.60,4.90
10/1/2016,Transilien,U,La Verrière - La Défense,83.60,17.50
11/1/2016,RER,A,RER A,83.60,1.90
11/1/2016,RER,B,RER B,83.60,4.60
11/1/2016,RER,C,RER C,83.60,6.40
11/1/2016,RER,D,RER D,83.60,5.00
11/1/2016,RER,E,RER E,83.60,13.30
11/1/2016,Transilien,H,Paris Nord Ouest,83.60,16.90
11/1/2016,Transilien,J,Paris Saint-Lazare Nord,83.60,6.40
11/1/2016,Transilien,K,Paris Nord Crépy,83.60,24.60
11/1/2016,Transilien,L,Paris Saint-Lazare Sud,83.60,6.10
11/1/2016,Transilien,N,Paris Montparnasse,83.60,6.20
11/1/2016,Transilien,P,Paris Est,83.60,7.10
11/1/2016,Transilien,R,Paris Sud Est,83.60,5.20
11/1/2016,Transilien,U,La Verrière - La Défense,83.60,13.90
12/1/2016,RER,A,RER A,83.60,2.00
12/1/2016,RER,B,RER B,83.60,4.50
12/1/2016,RER,C,RER C,83.60,7.10
12/1/2016,RER,D,RER D,83.60,4.20
12/1/2016,RER,E,RER E,83.60,15.70
12/1/2016,Transilien,H,Paris Nord Ouest,83.60,1.40
12/1/2016,Transilien,J,Paris Saint-Lazare Nord,83.60,7.70
12/1/2016,Transilien,K,Paris Nord Crépy,83.60,6.40
12/1/2016,Transilien,L,Paris Saint-Lazare Sud,83.60,8.50
12/1/2016,Transilien,N,Paris Montparnasse,83.60,9.10
12/1/2016,Transilien,P,Paris Est,83.60,9.80
12/1/2016,Transilien,R,Paris Sud Est,83.60,7.80
12/1/2016,Transilien,U,La Verrière - La Défense,83.60,17.20
1/1/2017,RER,A,RER A,83.60,2.10
1/1/2017,RER,B,RER B,83.60,7.20
1/1/2017,RER,C,RER C,83.60,6.90
1/1/2017,RER,D,RER D,83.60,5.80
1/1/2017,RER,E,RER E,83.60,12.00
1/1/2017,Transilien,H,Paris Nord Ouest,83.60,16.90
1/1/2017,Transilien,J,Paris Saint-Lazare Nord,83.60,7.90
1/1/2017,Transilien,K,Paris Nord Crépy,83.60,22.30
1/1/2017,Transilien,L,Paris Saint-Lazare Sud,83.60,6.70
1/1/2017,Transilien,N,Paris Montparnasse,83.60,6.50
1/1/2017,Transilien,P,Paris Est,83.60,8.60
1/1/2017,Transilien,R,Paris Sud Est,83.60,7.90
1/1/2017,Transilien,U,La Verrière - La Défense,83.60,19.80
2/1/2017,RER,A,RER A,83.60,2.30
2/1/2017,RER,B,RER B,83.60,8.80
2/1/2017,RER,C,RER C,83.60,5.00
2/1/2017,RER,D,RER D,83.60,6.70
2/1/2017,RER,E,RER E,83.60,13.30
2/1/2017,Transilien,H,Paris Nord Ouest,83.60,13.50
2/1/2017,Transilien,J,Paris Saint-Lazare Nord,83.60,12.30
2/1/2017,Transilien,K,Paris Nord Crépy,83.60,17.50
2/1/2017,Transilien,L,Paris Saint-Lazare Sud,83.60,9.10
2/1/2017,Transilien,N,Paris Montparnasse,83.60,8.90
2/1/2017,Transilien,P,Paris Est,83.60,11.20
2/1/2017,Transilien,R,Paris Sud Est,83.60,8.60
2/1/2017,Transilien,U,La Verrière - La Défense,83.60,21.20
3/1/2017,RER,A,RER A,83.60,2.40
3/1/2017,RER,B,RER B,83.60,5.20
3/1/2017,RER,C,RER C,83.60,8.50
3/1/2017,RER,D,RER D,83.60,4.80
3/1/2017,RER,E,RER E,83.60,16.20
3/1/2017,Transilien,H,Paris Nord Ouest,83.60,9.40
3/1/2017,Transilien,J,Paris Saint-Lazare Nord,83.60,12.90
3/1/2017,Transilien,K,Paris Nord Crépy,83.60,13.10
3/1/2017,Transilien,L,Paris Saint-Lazare Sud,83.60,9.10
3/1/2017,Transilien,N,Paris Montparnasse,83.60,14.20
3/1/2017,Transilien,P,Paris Est,83.60,13.70
3/1/2017,Transilien,R,Paris Sud Est,83.60,6.30
3/1/2017,Transilien,U,La Verrière - La Défense,83.60,18.20
4/1/2017,RER,A,RER A,83.60,2.80
4/1/2017,RER,B,RER B,83.60,5.30
4/1/2017,RER,C,RER C,83.60,6.10
4/1/2017,RER,D,RER D,83.60,6.30
4/1/2017,RER,E,RER E,83.60,14.40
4/1/2017,Transilien,H,Paris Nord Ouest,83.60,8.50
4/1/2017,Transilien,J,Paris Saint-Lazare Nord,83.60,12.20
4/1/2017,Transilien,K,Paris Nord Crépy,83.60,14.20
4/1/2017,Transilien,L,Paris Saint-Lazare Sud,83.60,12.00
4/1/2017,Transilien,N,Paris Montparnasse,83.60,15.40
4/1/2017,Transilien,P,Paris Est,83.60,16.90
4/1/2017,Transilien,R,Paris Sud Est,83.60,5.10
4/1/2017,Transilien,U,La Verrière - La Défense,83.60,18.20
5/1/2017,RER,A,RER A,83.60,2.40
5/1/2017,RER,B,RER B,83.60,4.60
5/1/2017,RER,C,RER C,83.60,6.50
5/1/2017,RER,D,RER D,83.60,6.70
5/1/2017,RER,E,RER E,83.60,11.00
5/1/2017,Transilien,H,Paris Nord Ouest,83.60,4.00
5/1/2017,Transilien,J,Paris Saint-Lazare Nord,83.60,9.70
5/1/2017,Transilien,K,Paris Nord Crépy,83.60,7.10
5/1/2017,Transilien,L,Paris Saint-Lazare Sud,83.60,8.00
5/1/2017,Transilien,N,Paris Montparnasse,83.60,8.30
5/1/2017,Transilien,P,Paris Est,83.60,10.70
5/1/2017,Transilien,R,Paris Sud Est,83.60,5.40
5/1/2017,Transilien,U,La Verrière - La Défense,83.60,8.30
6/1/2017,RER,A,RER A,83.60,2.30
6/1/2017,RER,B,RER B,83.60,7.70
6/1/2017,RER,C,RER C,83.60,5.70
6/1/2017,RER,D,RER D,83.60,4.90
6/1/2017,RER,E,RER E,83.60,6.50
6/1/2017,Transilien,H,Paris Nord Ouest,83.60,6.40
6/1/2017,Transilien,J,Paris Saint-Lazare Nord,83.60,8.90
6/1/2017,Transilien,K,Paris Nord Crépy,83.60,20.10
6/1/2017,Transilien,L,Paris Saint-Lazare Sud,83.60,6.60
6/1/2017,Transilien,N,Paris Montparnasse,83.60,9.00
6/1/2017,Transilien,P,Paris Est,83.60,4.60
6/1/2017,Transilien,R,Paris Sud Est,83.60,3.20
6/1/2017,Transilien,U,La Verrière - La Défense,83.60,11.10
7/1/2017,RER,A,RER A,83.60,2.40
7/1/2017,RER,B,RER B,83.60,7.80
7/1/2017,RER,C,RER C,83.60,8.40
7/1/2017,RER,D,RER D,83.60,5.10
7/1/2017,RER,E,RER E,83.60,7.60
7/1/2017,Transilien,H,Paris Nord Ouest,83.60,13.90
7/1/2017,Transilien,J,Paris Saint-Lazare Nord,83.60,10.40
7/1/2017,Transilien,K,Paris Nord Crépy,83.60,9.50
7/1/2017,Transilien,L,Paris Saint-Lazare Sud,83.60,8.30
7/1/2017,Transilien,N,Paris Montparnasse,83.60,7.30
7/1/2017,Transilien,P,Paris Est,83.60,6.80
7/1/2017,Transilien,R,Paris Sud Est,83.60,2.90
7/1/2017,Transilien,U,La Verrière - La Défense,83.60,12.50
8/1/2017,RER,A,RER A,83.60,7.40
8/1/2017,RER,B,RER B,83.60,13.70
8/1/2017,RER,C,RER C,83.60,15.10
8/1/2017,RER,D,RER D,83.60,10.10
8/1/2017,RER,E,RER E,83.60,17.20
8/1/2017,Transilien,H,Paris Nord Ouest,83.60,40.70
8/1/2017,Transilien,J,Paris Saint-Lazare Nord,83.60,10.60
8/1/2017,Transilien,K,Paris Nord Crépy,83.60,17.20
8/1/2017,Transilien,L,Paris Saint-Lazare Sud,83.60,12.30
8/1/2017,Transilien,N,Paris Montparnasse,83.60,11.50
8/1/2017,Transilien,P,Paris Est,83.60,11.80
8/1/2017,Transilien,R,Paris Sud Est,83.60,6.40
8/1/2017,Transilien,U,La Verrière - La Défense,83.60,24.60
9/1/2017,RER,A,RER A,83.60,2.70
9/1/2017,RER,B,RER B,83.60,6.90
9/1/2017,RER,C,RER C,83.60,12.00
9/1/2017,RER,D,RER D,83.60,5.80
9/1/2017,RER,E,RER E,83.60,19.00
9/1/2017,Transilien,H,Paris Nord Ouest,83.60,28.40
9/1/2017,Transilien,J,Paris Saint-Lazare Nord,83.60,8.90
9/1/2017,Transilien,K,Paris Nord Crépy,83.60,13.70
9/1/2017,Transilien,L,Paris Saint-Lazare Sud,83.60,7.40
9/1/2017,Transilien,N,Paris Montparnasse,83.60,9.80
9/1/2017,Transilien,P,Paris Est,83.60,15.10
9/1/2017,Transilien,R,Paris Sud Est,83.60,4.20
9/1/2017,Transilien,U,La Verrière - La Défense,83.60,13.30
10/1/2017,RER,A,RER A,83.60,2.30
10/1/2017,RER,B,RER B,83.60,3.90
10/1/2017,RER,C,RER C,83.60,8.40
10/1/2017,RER,D,RER D,83.60,4.90
10/1/2017,RER,E,RER E,83.60,11.20
10/1/2017,Transilien,H,Paris Nord Ouest,83.60,12.30
10/1/2017,Transilien,J,Paris Saint-Lazare Nord,83.60,9.20
10/1/2017,Transilien,K,Paris Nord Crépy,83.60,11.80
10/1/2017,Transilien,L,Paris Saint-Lazare Sud,83.60,6.40
10/1/2017,Transilien,N,Paris Montparnasse,83.60,9.40
10/1/2017,Transilien,P,Paris Est,83.60,6.50
10/1/2017,Transilien,R,Paris Sud Est,83.60,5.80
10/1/2017,Transilien,U,La Verrière - La Défense,83.60,11.70
11/1/2017,RER,A,RER A,83.60,2.50
11/1/2017,RER,B,RER B,83.60,5.00
11/1/2017,RER,C,RER C,83.60,6.00
11/1/2017,RER,D,RER D,83.60,3.80
11/1/2017,RER,E,RER E,83.60,11.50
11/1/2017,Transilien,H,Paris Nord Ouest,83.60,7.80
11/1/2017,Transilien,J,Paris Saint-Lazare Nord,83.60,6.90
11/1/2017,Transilien,K,Paris Nord Crépy,83.60,9.30
11/1/2017,Transilien,L,Paris Saint-Lazare Sud,83.60,4.90
11/1/2017,Transilien,N,Paris Montparnasse,83.60,6.20
11/1/2017,Transilien,P,Paris Est,83.60,8.70
11/1/2017,Transilien,R,Paris Sud Est,83.60,3.80
11/1/2017,Transilien,U,La Verrière - La Défense,83.60,8.20
12/1/2017,RER,A,RER A,83.60,3.40
12/1/2017,RER,B,RER B,83.60,5.40
12/1/2017,RER,C,RER C,83.60,7.80
12/1/2017,RER,D,RER D,83.60,5.30
12/1/2017,RER,E,RER E,83.60,15.70
12/1/2017,Transilien,H,Paris Nord Ouest,83.60,8.40
12/1/2017,Transilien,J,Paris Saint-Lazare Nord,83.60,6.00
12/1/2017,Transilien,K,Paris Nord Crépy,83.60,9.00
12/1/2017,Transilien,L,Paris Saint-Lazare Sud,83.60,6.30
12/1/2017,Transilien,N,Paris Montparnasse,83.60,6.10
12/1/2017,Transilien,P,Paris Est,83.60,10.80
12/1/2017,Transilien,R,Paris Sud Est,83.60,5.90
12/1/2017,Transilien,U,La Verrière - La Défense,83.60,10.60
1/1/2018,RER,A,RER A,83.60,3.90
1/1/2018,RER,B,RER B,83.60,7.70
1/1/2018,RER,C,RER C,83.60,7.40
1/1/2018,RER,D,RER D,83.60,5.60
1/1/2018,RER,E,RER E,83.60,14.60
1/1/2018,Transilien,H,Paris Nord Ouest,83.60,12.20
1/1/2018,Transilien,J,Paris Saint-Lazare Nord,83.60,11.80
1/1/2018,Transilien,K,Paris Nord Crépy,83.60,10.90
1/1/2018,Transilien,L,Paris Saint-Lazare Sud,83.60,8.80
1/1/2018,Transilien,N,Paris Montparnasse,83.60,9.50
1/1/2018,Transilien,P,Paris Est,83.60,9.90
1/1/2018,Transilien,R,Paris Sud Est,83.60,4.50
1/1/2018,Transilien,U,La Verrière - La Défense,83.60,10.60
2/1/2018,RER,A,RER A,83.60,3.40
2/1/2018,RER,B,RER B,83.60,4.00
2/1/2018,RER,C,RER C,83.60,4.80
2/1/2018,RER,D,RER D,83.60,4.10
2/1/2018,RER,E,RER E,83.60,4.40
2/1/2018,Transilien,H,Paris Nord Ouest,83.60,9.30
2/1/2018,Transilien,J,Paris Saint-Lazare Nord,83.60,5.30
2/1/2018,Transilien,K,Paris Nord Crépy,83.60,7.80
2/1/2018,Transilien,L,Paris Saint-Lazare Sud,83.60,5.60
2/1/2018,Transilien,N,Paris Montparnasse,83.60,4.80
2/1/2018,Transilien,P,Paris Est,83.60,3.20
2/1/2018,Transilien,R,Paris Sud Est,83.60,2.70
2/1/2018,Transilien,U,La Verrière - La Défense,83.60,6.30
3/1/2018,RER,A,RER A,83.60,4.30
3/1/2018,RER,B,RER B,83.60,6.40
3/1/2018,RER,C,RER C,83.60,9.50
3/1/2018,RER,D,RER D,83.60,4.60
3/1/2018,RER,E,RER E,83.60,13.30
3/1/2018,Transilien,H,Paris Nord Ouest,83.60,14.90
3/1/2018,Transilien,J,Paris Saint-Lazare Nord,83.60,7.50
3/1/2018,Transilien,K,Paris Nord Crépy,83.60,13.30
3/1/2018,Transilien,L,Paris Saint-Lazare Sud,83.60,8.80
3/1/2018,Transilien,N,Paris Montparnasse,83.60,8.50
3/1/2018,Transilien,P,Paris Est,83.60,10.80
3/1/2018,Transilien,R,Paris Sud Est,83.60,6.10
3/1/2018,Transilien,U,La Verrière - La Défense,83.60,12.70
4/1/2018,RER,A,RER A,83.60,4.20
4/1/2018,RER,B,RER B,83.60,6.90
4/1/2018,RER,C,RER C,83.60,17.20
4/1/2018,RER,D,RER D,83.60,9.50
4/1/2018,RER,E,RER E,83.60,16.90
4/1/2018,Transilien,H,Paris Nord Ouest,83.60,20.70
4/1/2018,Transilien,J,Paris Saint-Lazare Nord,83.60,16.90
4/1/2018,Transilien,K,Paris Nord Crépy,83.60,9.60
4/1/2018,Transilien,L,Paris Saint-Lazare Sud,83.60,24.60
4/1/2018,Transilien,N,Paris Montparnasse,83.60,10.40
4/1/2018,Transilien,P,Paris Est,83.60,20.30
4/1/2018,Transilien,R,Paris Sud Est,83.60,5.90
4/1/2018,Transilien,U,La Verrière - La Défense,83.60,13.10
5/1/2018,RER,A,RER A,83.60,4.60
5/1/2018,RER,B,RER B,83.60,6.60
5/1/2018,RER,C,RER C,83.60,15.90
5/1/2018,RER,D,RER D,83.60,5.80
5/1/2018,RER,E,RER E,83.60,21.70
5/1/2018,Transilien,H,Paris Nord Ouest,83.60,9.90
5/1/2018,Transilien,J,Paris Saint-Lazare Nord,83.60,12.00
5/1/2018,Transilien,K,Paris Nord Crépy,83.60,4.90
5/1/2018,Transilien,L,Paris Saint-Lazare Sud,83.60,10.80
5/1/2018,Transilien,N,Paris Montparnasse,83.60,11.70
5/1/2018,Transilien,P,Paris Est,83.60,6.80
5/1/2018,Transilien,R,Paris Sud Est,83.60,6.10
5/1/2018,Transilien,U,La Verrière - La Défense,83.60,16.90
6/1/2018,RER,A,RER A,83.60,4.00
6/1/2018,RER,B,RER B,83.60,6.90
6/1/2018,RER,C,RER C,83.60,7.80
6/1/2018,RER,D,RER D,83.60,5.40
6/1/2018,RER,E,RER E,83.60,13.10
6/1/2018,Transilien,H,Paris Nord Ouest,83.60,11.80
6/1/2018,Transilien,J,Paris Saint-Lazare Nord,83.60,15.70
6/1/2018,Transilien,K,Paris Nord Crépy,83.60,16.90
6/1/2018,Transilien,L,Paris Saint-Lazare Sud,83.60,8.90
6/1/2018,Transilien,N,Paris Montparnasse,83.60,8.60
6/1/2018,Transilien,P,Paris Est,83.60,4.80
6/1/2018,Transilien,R,Paris Sud Est,83.60,4.30
6/1/2018,Transilien,U,La Verrière - La Défense,83.60,12.20
7/1/2018,RER,A,RER A,83.60,3.70
7/1/2018,RER,B,RER B,83.60,6.10
7/1/2018,RER,C,RER C,83.60,8.00
7/1/2018,RER,D,RER D,83.60,4.30
7/1/2018,RER,E,RER E,83.60,9.20
7/1/2018,Transilien,H,Paris Nord Ouest,83.60,14.40
7/1/2018,Transilien,J,Paris Saint-Lazare Nord,83.60,8.40
7/1/2018,Transilien,K,Paris Nord Crépy,83.60,9.20
7/1/2018,Transilien,L,Paris Saint-Lazare Sud,83.60,8.30
7/1/2018,Transilien,N,Paris Montparnasse,83.60,3.80
7/1/2018,Transilien,P,Paris Est,83.60,7.50
7/1/2018,Transilien,R,Paris Sud Est,83.60,4.50
7/1/2018,Transilien,U,La Verrière - La Défense,83.60,5.80
8/1/2018,RER,A,RER A,83.60,11.20
8/1/2018,RER,B,RER B,83.60,8.10
8/1/2018,RER,C,RER C,83.60,12.20
8/1/2018,RER,D,RER D,83.60,7.30
8/1/2018,RER,E,RER E,83.60,17.90
8/1/2018,Transilien,H,Paris Nord Ouest,83.60,29.30
8/1/2018,Transilien,J,Paris Saint-Lazare Nord,83.60,13.90
8/1/2018,Transilien,K,Paris Nord Crépy,83.60,8.10
8/1/2018,Transilien,L,Paris Saint-Lazare Sud,83.60,23.40
8/1/2018,Transilien,N,Paris Montparnasse,83.60,4.60
8/1/2018,Transilien,P,Paris Est,83.60,13.90
8/1/2018,Transilien,R,Paris Sud Est,83.60,5.30
8/1/2018,Transilien,U,La Verrière - La Défense,83.60,9.90
9/1/2018,RER,A,RER A,83.60,4.60
9/1/2018,RER,B,RER B,83.60,6.70
9/1/2018,RER,C,RER C,83.60,9.00
9/1/2018,RER,D,RER D,83.60,5.50
9/1/2018,RER,E,RER E,83.60,16.90
9/1/2018,Transilien,H,Paris Nord Ouest,83.60,23.40
9/1/2018,Transilien,J,Paris Saint-Lazare Nord,83.60,7.20
9/1/2018,Transilien,K,Paris Nord Crépy,83.60,24.00
9/1/2018,Transilien,L,Paris Saint-Lazare Sud,83.60,9.80
9/1/2018,Transilien,N,Paris Montparnasse,83.60,10.20
9/1/2018,Transilien,P,Paris Est,83.60,11.20
9/1/2018,Transilien,R,Paris Sud Est,83.60,7.10
9/1/2018,Transilien,U,La Verrière - La Défense,83.60,14.60
10/1/2018,RER,A,RER A,83.60,4.20
10/1/2018,RER,B,RER B,83.60,5.50
10/1/2018,RER,C,RER C,83.60,9.40
10/1/2018,RER,D,RER D,83.60,5.10
10/1/2018,RER,E,RER E,83.60,9.20
10/1/2018,Transilien,H,Paris Nord Ouest,83.60,17.20
10/1/2018,Transilien,J,Paris Saint-Lazare Nord,83.60,7.50
10/1/2018,Transilien,K,Paris Nord Crépy,83.60,7.50
10/1/2018,Transilien,L,Paris Saint-Lazare Sud,83.60,10.90
10/1/2018,Transilien,N,Paris Montparnasse,83.60,9.90
10/1/2018,Transilien,P,Paris Est,83.60,6.40
10/1/2018,Transilien,R,Paris Sud Est,83.60,9.00
10/1/2018,Transilien,U,La Verrière - La Défense,83.60,19.00
11/1/2018,RER,A,RER A,83.60,4.90
11/1/2018,RER,B,RER B,83.60,3.80
11/1/2018,RER,C,RER C,83.60,5.10
11/1/2018,RER,D,RER D,83.60,3.40
11/1/2018,RER,E,RER E,83.60,14.20
11/1/2018,Transilien,H,Paris Nord Ouest,83.60,6.60
11/1/2018,Transilien,J,Paris Saint-Lazare Nord,83.60,7.80
11/1/2018,Transilien,K,Paris Nord Crépy,83.60,6.80
11/1/2018,Transilien,L,Paris Saint-Lazare Sud,83.60,7.50
11/1/2018,Transilien,N,Paris Montparnasse,83.60,7.10
11/1/2018,Transilien,P,Paris Est,83.60,6.50
11/1/2018,Transilien,R,Paris Sud Est,83.60,4.70
11/1/2018,Transilien,U,La Verrière - La Défense,83.60,9.40
12/1/2018,RER,A,RER A,83.60,5.30
12/1/2018,RER,B,RER B,83.60,5.90
12/1/2018,RER,C,RER C,83.60,6.90
12/1/2018,RER,D,RER D,83.60,6.70
12/1/2018,RER,E,RER E,83.60,14.60
12/1/2018,Transilien,H,Paris Nord Ouest,83.60,13.70
12/1/2018,Transilien,J,Paris Saint-Lazare Nord,83.60,7.70
12/1/2018,Transilien,K,Paris Nord Crépy,83.60,13.30
12/1/2018,Transilien,L,Paris Saint-Lazare Sud,83.60,11.70
12/1/2018,Transilien,N,Paris Montparnasse,83.60,6.10
12/1/2018,Transilien,P,Paris Est,83.60,7.20
12/1/2018,Transilien,R,Paris Sud Est,83.60,5.80
12/1/2018,Transilien,U,La Verrière - La Défense,83.60,10.90
1/1/2019,RER,A,RER A,83.60,5.70
1/1/2019,RER,B,RER B,83.60,5.20
1/1/2019,RER,C,RER C,83.60,7.40
1/1/2019,RER,D,RER D,83.60,5.30
1/1/2019,RER,E,RER E,83.60,11.50
1/1/2019,Transilien,H,Paris Nord Ouest,83.60,15.90
1/1/2019,Transilien,J,Paris Saint-Lazare Nord,83.60,9.00
1/1/2019,Transilien,K,Paris Nord Crépy,83.60,5.80
1/1/2019,Transilien,L,Paris Saint-Lazare Sud,83.60,11.00
1/1/2019,Transilien,N,Paris Montparnasse,83.60,6.80
1/1/2019,Transilien,P,Paris Est,83.60,5.80
1/1/2019,Transilien,R,Paris Sud Est,83.60,4.10
1/1/2019,Transilien,U,La Verrière - La Défense,83.60,13.10
2/1/2019,RER,A,RER A,83.60,6.60
2/1/2019,RER,B,RER B,83.60,5.50
2/1/2019,RER,C,RER C,83.60,6.00
2/1/2019,RER,D,RER D,83.60,5.90
2/1/2019,RER,E,RER E,83.60,13.40
2/1/2019,Transilien,H,Paris Nord Ouest,83.60,14.20
2/1/2019,Transilien,J,Paris Saint-Lazare Nord,83.60,11.10
2/1/2019,Transilien,K,Paris Nord Crépy,83.60,18.50
2/1/2019,Transilien,L,Paris Saint-Lazare Sud,83.60,19.50
2/1/2019,Transilien,N,Paris Montparnasse,83.60,13.00
2/1/2019,Transilien,P,Paris Est,83.60,6.40
2/1/2019,Transilien,R,Paris Sud Est,83.60,5.40
2/1/2019,Transilien,U,La Verrière - La Défense,83.60,27.90
3/1/2019,RER,A,RER A,83.60,7.50
3/1/2019,RER,B,RER B,83.60,8.10
3/1/2019,RER,C,RER C,83.60,11.00
3/1/2019,RER,D,RER D,83.60,8.50
3/1/2019,RER,E,RER E,83.60,20.20
3/1/2019,Transilien,H,Paris Nord Ouest,83.60,26.20
3/1/2019,Transilien,J,Paris Saint-Lazare Nord,83.60,11.10
3/1/2019,Transilien,K,Paris Nord Crépy,83.60,20.00
3/1/2019,Transilien,L,Paris Saint-Lazare Sud,83.60,15.20
3/1/2019,Transilien,N,Paris Montparnasse,83.60,13.40
3/1/2019,Transilien,P,Paris Est,83.60,9.80
3/1/2019,Transilien,R,Paris Sud Est,83.60,7.80
3/1/2019,Transilien,U,La Verrière - La Défense,83.60,23.70
4/1/2019,RER,A,RER A,83.60,8.40
4/1/2019,RER,B,RER B,83.60,7.10
4/1/2019,RER,C,RER C,83.60,10.00
4/1/2019,RER,D,RER D,83.60,6.70
4/1/2019,RER,E,RER E,83.60,10.00
4/1/2019,Transilien,H,Paris Nord Ouest,83.60,25.80
4/1/2019,Transilien,J,Paris Saint-Lazare Nord,83.60,11.30
4/1/2019,Transilien,K,Paris Nord Crépy,83.60,28.90
4/1/2019,Transilien,L,Paris Saint-Lazare Sud,83.60,14.50
4/1/2019,Transilien,N,Paris Montparnasse,83.60,17.00
4/1/2019,Transilien,P,Paris Est,83.60,9.20
4/1/2019,Transilien,R,Paris Sud Est,83.60,8.10
4/1/2019,Transilien,U,La Verrière - La Défense,83.60,33.10
5/1/2019,RER,A,RER A,83.60,7.70
5/1/2019,RER,B,RER B,83.60,8.30
5/1/2019,RER,C,RER C,83.60,10.10
5/1/2019,RER,D,RER D,83.60,7.00
5/1/2019,RER,E,RER E,83.60,23.50
5/1/2019,Transilien,H,Paris Nord Ouest,83.60,12.50
5/1/2019,Transilien,J,Paris Saint-Lazare Nord,83.60,11.40
5/1/2019,Transilien,K,Paris Nord Crépy,83.60,12.80
5/1/2019,Transilien,L,Paris Saint-Lazare Sud,83.60,11.20
5/1/2019,Transilien,N,Paris Montparnasse,83.60,15.90
5/1/2019,Transilien,P,Paris Est,83.60,10.90
5/1/2019,Transilien,R,Paris Sud Est,83.60,10.80
5/1/2019,Transilien,U,La Verrière - La Défense,83.60,15.50
6/1/2019,RER,A,RER A,83.60,6.50
6/1/2019,RER,B,RER B,83.60,5.50
6/1/2019,RER,C,RER C,83.60,6.20
6/1/2019,RER,D,RER D,83.60,6.30
6/1/2019,RER,E,RER E,83.60,10.10
6/1/2019,Transilien,H,Paris Nord Ouest,83.60,13.20
6/1/2019,Transilien,J,Paris Saint-Lazare Nord,83.60,6.20
6/1/2019,Transilien,K,Paris Nord Crépy,83.60,12.30
6/1/2019,Transilien,L,Paris Saint-Lazare Sud,83.60,11.70
6/1/2019,Transilien,N,Paris Montparnasse,83.60,12.20
6/1/2019,Transilien,P,Paris Est,83.60,6.60
6/1/2019,Transilien,R,Paris Sud Est,83.60,5.20
6/1/2019,Transilien,U,La Verrière - La Défense,83.60,16.00
7/1/2019,RER,A,RER A,83.60,5.40
7/1/2019,RER,B,RER B,83.60,5.60
7/1/2019,RER,C,RER C,83.60,6.80
7/1/2019,RER,D,RER D,83.60,5.70
7/1/2019,RER,E,RER E,83.60,10.10
7/1/2019,Transilien,H,Paris Nord Ouest,83.60,14.80
7/1/2019,Transilien,J,Paris Saint-Lazare Nord,83.60,10.00
7/1/2019,Transilien,K,Paris Nord Crépy,83.60,13.70
7/1/2019,Transilien,L,Paris Saint-Lazare Sud,83.60,15.00
7/1/2019,Transilien,N,Paris Montparnasse,83.60,12.20
7/1/2019,Transilien,P,Paris Est,83.60,4.80
7/1/2019,Transilien,R,Paris Sud Est,83.60,6.40
7/1/2019,Transilien,U,La Verrière - La Défense,83.60,19.30
8/1/2019,RER,A,RER A,83.60,15.80
8/1/2019,RER,B,RER B,83.60,10.40
8/1/2019,RER,C,RER C,83.60,14.10
8/1/2019,RER,D,RER D,83.60,7.80
8/1/2019,RER,E,RER E,83.60,5.70
8/1/2019,Transilien,H,Paris Nord Ouest,83.60,19.00
8/1/2019,Transilien,J,Paris Saint-Lazare Nord,83.60,16.90
8/1/2019,Transilien,K,Paris Nord Crépy,83.60,20.90
8/1/2019,Transilien,L,Paris Saint-Lazare Sud,83.60,30.00
8/1/2019,Transilien,N,Paris Montparnasse,83.60,20.10
8/1/2019,Transilien,P,Paris Est,83.60,10.80
8/1/2019,Transilien,R,Paris Sud Est,83.60,6.50
8/1/2019,Transilien,U,La Verrière - La Défense,83.60,30.40
9/1/2019,RER,A,RER A,83.60,7.00
9/1/2019,RER,B,RER B,83.60,4.60
9/1/2019,RER,C,RER C,83.60,8.10
9/1/2019,RER,D,RER D,83.60,6.60
9/1/2019,RER,E,RER E,83.60,9.10
9/1/2019,Transilien,H,Paris Nord Ouest,83.60,27.50
9/1/2019,Transilien,J,Paris Saint-Lazare Nord,83.60,10.70
9/1/2019,Transilien,K,Paris Nord Crépy,83.60,10.40
9/1/2019,Transilien,L,Paris Saint-Lazare Sud,83.60,15.20
9/1/2019,Transilien,N,Paris Montparnasse,83.60,13.70
9/1/2019,Transilien,P,Paris Est,83.60,6.10
9/1/2019,Transilien,R,Paris Sud Est,83.60,6.30
9/1/2019,Transilien,U,La Verrière - La Défense,83.60,23.20
10/1/2019,RER,A,RER A,83.60,6.10
10/1/2019,RER,B,RER B,83.60,3.30
10/1/2019,RER,C,RER C,83.60,4.80
10/1/2019,RER,D,RER D,83.60,4.00
10/1/2019,RER,E,RER E,83.60,10.60
10/1/2019,Transilien,H,Paris Nord Ouest,83.60,9.30
10/1/2019,Transilien,J,Paris Saint-Lazare Nord,83.60,6.40
10/1/2019,Transilien,K,Paris Nord Crépy,83.60,6.50
10/1/2019,Transilien,L,Paris Saint-Lazare Sud,83.60,8.80
10/1/2019,Transilien,N,Paris Montparnasse,83.60,7.20
10/1/2019,Transilien,P,Paris Est,83.60,8.00
10/1/2019,Transilien,R,Paris Sud Est,83.60,4.30
10/1/2019,Transilien,U,La Verrière - La Défense,83.60,11.20
11/1/2019,RER,A,RER A,83.60,4.60
11/1/2019,RER,B,RER B,83.60,3.60
11/1/2019,RER,C,RER C,83.60,4.20
11/1/2019,RER,D,RER D,83.60,4.90
11/1/2019,RER,E,RER E,83.60,10.50
11/1/2019,Transilien,H,Paris Nord Ouest,83.60,15.10
11/1/2019,Transilien,J,Paris Saint-Lazare Nord,83.60,7.30
11/1/2019,Transilien,K,Paris Nord Crépy,83.60,15.00
11/1/2019,Transilien,L,Paris Saint-Lazare Sud,83.60,11.20
11/1/2019,Transilien,N,Paris Montparnasse,83.60,10.40
11/1/2019,Transilien,P,Paris Est,83.60,6.90
11/1/2019,Transilien,R,Paris Sud Est,83.60,6.30
11/1/2019,Transilien,U,La Verrière - La Défense,83.60,27.70
2/1/2020,RER,A,RER A,83.60,4.89
2/1/2020,RER,B,RER B,83.60,4.01
2/1/2020,RER,C,RER C,83.60,4.97
2/1/2020,RER,D,RER D,83.60,5.37
2/1/2020,RER,E,RER E,83.60,7.37
2/1/2020,Transilien,H,Paris Nord Ouest,83.60,9.59
2/1/2020,Transilien,J,Paris Saint-Lazare Nord,83.60,6.62
2/1/2020,Transilien,K,Paris Nord Crépy,83.60,13.61
2/1/2020,Transilien,L,Paris Saint-Lazare Sud,83.60,13.01
2/1/2020,Transilien,N,Paris Montparnasse,83.60,11.70
2/1/2020,Transilien,P,Paris Est,83.60,8.19
2/1/2020,Transilien,R,Paris Sud Est,83.60,4.19
2/1/2020,Transilien,U,La Verrière - La Défense,83.60,20.64
3/1/2020,RER,A,RER A,83.60,8.86
3/1/2020,RER,B,RER B,83.60,2.78
3/1/2020,RER,C,RER C,83.60,14.25
3/1/2020,RER,D,RER D,83.60,5.53
3/1/2020,RER,E,RER E,83.60,9.38
3/1/2020,Transilien,H,Paris Nord Ouest,83.60,19.55
3/1/2020,Transilien,J,Paris Saint-Lazare Nord,83.60,9.80
3/1/2020,Transilien,K,Paris Nord Crépy,83.60,10.20
3/1/2020,Transilien,L,Paris Saint-Lazare Sud,83.60,16.27
3/1/2020,Transilien,N,Paris Montparnasse,83.60,20.16
3/1/2020,Transilien,P,Paris Est,83.60,7.84
3/1/2020,Transilien,R,Paris Sud Est,83.60,5.75
3/1/2020,Transilien,U,La Verrière - La Défense,83.60,168.69
6/1/2020,RER,A,RER A,83.60,5.19
6/1/2020,RER,B,RER B,83.60,6.24
6/1/2020,RER,C,RER C,83.60,5.82
6/1/2020,RER,D,RER D,83.60,9.68
6/1/2020,RER,E,RER E,83.60,8.27
6/1/2020,Transilien,H,Paris Nord Ouest,83.60,13.12
6/1/2020,Transilien,J,Paris Saint-Lazare Nord,83.60,10.13
6/1/2020,Transilien,K,Paris Nord Crépy,83.60,12.41
6/1/2020,Transilien,L,Paris Saint-Lazare Sud,83.60,13.94
6/1/2020,Transilien,N,Paris Montparnasse,83.60,9.95
6/1/2020,Transilien,P,Paris Est,83.60,12.40
6/1/2020,Transilien,R,Paris Sud Est,83.60,8.09
6/1/2020,Transilien,U,La Verrière - La Défense,83.60,21.13
7/1/2020,RER,A,RER A,83.60,8.12
7/1/2020,RER,B,RER B,83.60,8.21
7/1/2020,RER,C,RER C,83.60,11.94
7/1/2020,RER,D,RER D,83.60,7.93
7/1/2020,RER,E,RER E,83.60,15.11
7/1/2020,Transilien,H,Paris Nord Ouest,83.60,16.24
7/1/2020,Transilien,J,Paris Saint-Lazare Nord,83.60,12.32
7/1/2020,Transilien,K,Paris Nord Crépy,83.60,13.79
7/1/2020,Transilien,L,Paris Saint-Lazare Sud,83.60,31.17
7/1/2020,Transilien,N,Paris Montparnasse,83.60,16.07
7/1/2020,Transilien,P,Paris Est,83.60,9.48
7/1/2020,Transilien,R,Paris Sud Est,83.60,9.14
7/1/2020,Transilien,U,La Verrière - La Défense,83.60,30.54
8/1/2020,RER,A,RER A,83.60,6.06
8/1/2020,RER,B,RER B,83.60,3.29
8/1/2020,RER,C,RER C,83.60,13.61
8/1/2020,RER,D,RER D,83.60,7.00
8/1/2020,RER,E,RER E,83.60,10.81
8/1/2020,Transilien,H,Paris Nord Ouest,83.60,9.77
8/1/2020,Transilien,J,Paris Saint-Lazare Nord,83.60,14.42
8/1/2020,Transilien,K,Paris Nord Crépy,83.60,3.33
8/1/2020,Transilien,L,Paris Saint-Lazare Sud,83.60,23.83
8/1/2020,Transilien,N,Paris Montparnasse,83.60,18.87
8/1/2020,Transilien,P,Paris Est,83.60,9.79
8/1/2020,Transilien,R,Paris Sud Est,83.60,12.56
8/1/2020,Transilien,U,La Verrière - La Défense,83.60,29.90
9/1/2020,RER,A,RER A,83.60,6.94
9/1/2020,RER,B,RER B,83.60,5.03
9/1/2020,RER,C,RER C,83.60,10.20
9/1/2020,RER,D,RER D,83.60,7.06
9/1/2020,RER,E,RER E,83.60,11.93
9/1/2020,Transilien,H,Paris Nord Ouest,83.60,16.45
9/1/2020,Transilien,J,Paris Saint-Lazare Nord,83.60,10.74
9/1/2020,Transilien,K,Paris Nord Crépy,83.60,14.62
9/1/2020,Transilien,L,Paris Saint-Lazare Sud,83.60,16.94
9/1/2020,Transilien,N,Paris Montparnasse,83.60,14.74
9/1/2020,Transilien,P,Paris Est,83.60,13.28
9/1/2020,Transilien,R,Paris Sud Est,83.60,9.66
9/1/2020,Transilien,U,La Verrière - La Défense,83.60,28.93
10/1/2020,RER,A,RER A,83.60,4.71
10/1/2020,RER,B,RER B,83.60,4.84
10/1/2020,RER,C,RER C,83.60,6.36
10/1/2020,RER,D,RER D,83.60,6.57
10/1/2020,RER,E,RER E,83.60,12.88
10/1/2020,Transilien,H,Paris Nord Ouest,83.60,12.59
10/1/2020,Transilien,J,Paris Saint-Lazare Nord,83.60,8.50
10/1/2020,Transilien,K,Paris Nord Crépy,83.60,7.09
10/1/2020,Transilien,L,Paris Saint-Lazare Sud,83.60,10.25
10/1/2020,Transilien,N,Paris Montparnasse,83.60,13.84
10/1/2020,Transilien,P,Paris Est,83.60,10.73
10/1/2020,Transilien,R,Paris Sud Est,83.60,7.25
10/1/2020,Transilien,U,La Verrière - La Défense,83.60,23.27
11/1/2020,RER,A,RER A,83.60,9.14
11/1/2020,RER,B,RER B,83.60,7.12
11/1/2020,RER,C,RER C,83.60,10.96
11/1/2020,RER,D,RER D,83.60,8.12
11/1/2020,RER,E,RER E,83.60,20.33
11/1/2020,Transilien,H,Paris Nord Ouest,83.60,21.55
11/1/2020,Transilien,J,Paris Saint-Lazare Nord,83.60,13.24
11/1/2020,Transilien,K,Paris Nord Crépy,83.60,16.11
11/1/2020,Transilien,L,Paris Saint-Lazare Sud,83.60,25.27
11/1/2020,Transilien,N,Paris Montparnasse,83.60,9.59
11/1/2020,Transilien,P,Paris Est,83.60,15.04
11/1/2020,Transilien,R,Paris Sud Est,83.60,9.50
11/1/2020,Transilien,U,La Verrière - La Défense,83.60,22.99
12/1/2020,RER,A,RER A,83.60,7.88
12/1/2020,RER,B,RER B,83.60,7.54
12/1/2020,RER,C,RER C,83.60,12.00
12/1/2020,RER,D,RER D,83.60,7.04
12/1/2020,RER,E,RER E,83.60,14.57
12/1/2020,Transilien,H,Paris Nord Ouest,83.60,26.67
12/1/2020,Transilien,J,Paris Saint-Lazare Nord,83.60,11.63
12/1/2020,Transilien,K,Paris Nord Crépy,83.60,17.00
12/1/2020,Transilien,L,Paris Saint-Lazare Sud,83.60,15.49
12/1/2020,Transilien,N,Paris Montparnasse,83.60,21.11
12/1/2020,Transilien,P,Paris Est,83.60,12.85
12/1/2020,Transilien,R,Paris Sud Est,83.60,6.69
12/1/2020,Transilien,U,La Verrière - La Défense,83.60,27.06
1/1/2021,RER,A,RER A,83.60,5.13
1/1/2021,RER,B,RER B,83.60,6.00
1/1/2021,RER,C,RER C,83.60,9.07
1/1/2021,RER,D,RER D,83.60,6.10
1/1/2021,RER,E,RER E,83.60,17.84
1/1/2021,Transilien,H,Paris Nord Ouest,83.60,17.77
1/1/2021,Transilien,J,Paris Saint-Lazare Nord,83.60,11.60
1/1/2021,Transilien,K,Paris Nord Crépy,83.60,18.04
1/1/2021,Transilien,L,Paris Saint-Lazare Sud,83.60,23.92
1/1/2021,Transilien,N,Paris Montparnasse,83.60,17.58
1/1/2021,Transilien,P,Paris Est,83.60,11.02
1/1/2021,Transilien,R,Paris Sud Est,83.60,8.32
1/1/2021,Transilien,U,La Verrière - La Défense,83.60,31.83
2/1/2021,RER,A,RER A,83.60,4.01
2/1/2021,RER,B,RER B,83.60,4.93
2/1/2021,RER,C,RER C,83.60,6.35
2/1/2021,RER,D,RER D,83.60,6.01
2/1/2021,RER,E,RER E,83.60,15.89
2/1/2021,Transilien,H,Paris Nord Ouest,83.60,19.46
2/1/2021,Transilien,J,Paris Saint-Lazare Nord,83.60,7.07
2/1/2021,Transilien,K,Paris Nord Crépy,83.60,10.07
2/1/2021,Transilien,L,Paris Saint-Lazare Sud,83.60,8.46
2/1/2021,Transilien,N,Paris Montparnasse,83.60,9.19
2/1/2021,Transilien,P,Paris Est,83.60,8.80
2/1/2021,Transilien,R,Paris Sud Est,83.60,5.76
2/1/2021,Transilien,U,La Verrière - La Défense,83.60,14.77
3/1/2021,RER,A,RER A,83.60,7.92
3/1/2021,RER,B,RER B,83.60,7.82
3/1/2021,RER,C,RER C,83.60,14.56
3/1/2021,RER,D,RER D,83.60,9.87
3/1/2021,RER,E,RER E,83.60,15.45
3/1/2021,Transilien,H,Paris Nord Ouest,83.60,23.85
3/1/2021,Transilien,J,Paris Saint-Lazare Nord,83.60,15.12
3/1/2021,Transilien,K,Paris Nord Crépy,83.60,18.53
3/1/2021,Transilien,L,Paris Saint-Lazare Sud,83.60,19.06
3/1/2021,Transilien,N,Paris Montparnasse,83.60,12.69
3/1/2021,Transilien,P,Paris Est,83.60,11.96
3/1/2021,Transilien,R,Paris Sud Est,83.60,8.17
3/1/2021,Transilien,U,La Verrière - La Défense,83.60,20.67
4/1/2021,RER,A,RER A,83.60,17.87
4/1/2021,RER,B,RER B,83.60,7.78
4/1/2021,RER,C,RER C,83.60,13.98
4/1/2021,RER,D,RER D,83.60,11.28
4/1/2021,RER,E,RER E,83.60,21.98
4/1/2021,Transilien,H,Paris Nord Ouest,83.60,25.40
4/1/2021,Transilien,J,Paris Saint-Lazare Nord,83.60,21.94
4/1/2021,Transilien,K,Paris Nord Crépy,83.60,14.70
4/1/2021,Transilien,L,Paris Saint-Lazare Sud,83.60,37.57
4/1/2021,Transilien,N,Paris Montparnasse,83.60,14.79
4/1/2021,Transilien,P,Paris Est,83.60,18.90
4/1/2021,Transilien,R,Paris Sud Est,83.60,7.50
4/1/2021,Transilien,U,La Verrière - La Défense,83.60,21.64
5/1/2021,RER,A,RER A,83.60,15.04
5/1/2021,RER,B,RER B,83.60,8.95
5/1/2021,RER,C,RER C,83.60,13.08
5/1/2021,RER,D,RER D,83.60,9.50
5/1/2021,RER,E,RER E,83.60,22.54
5/1/2021,Transilien,H,Paris Nord Ouest,83.60,26.21
5/1/2021,Transilien,J,Paris Saint-Lazare Nord,83.60,24.65
5/1/2021,Transilien,K,Paris Nord Crépy,83.60,22.80
5/1/2021,Transilien,L,Paris Saint-Lazare Sud,83.60,39.09
5/1/2021,Transilien,N,Paris Montparnasse,83.60,15.44
5/1/2021,Transilien,P,Paris Est,83.60,19.50
5/1/2021,Transilien,R,Paris Sud Est,83.60,7.93
5/1/2021,Transilien,U,La Verrière - La Défense,83.60,34.68
6/1/2021,RER,A,RER A,83.60,9.05
6/1/2021,RER,B,RER B,83.60,4.66
6/1/2021,RER,C,RER C,83.60,12.88
6/1/2021,RER,D,RER D,83.60,8.36
6/1/2021,RER,E,RER E,83.60,11.06
6/1/2021,Transilien,H,Paris Nord Ouest,83.60,12.37
6/1/2021,Transilien,J,Paris Saint-Lazare Nord,83.60,9.20
6/1/2021,Transilien,K,Paris Nord Crépy,83.60,12.44
6/1/2021,Transilien,L,Paris Saint-Lazare Sud,83.60,21.81
6/1/2021,Transilien,N,Paris Montparnasse,83.60,11.94
6/1/2021,Transilien,P,Paris Est,83.60,7.44
6/1/2021,Transilien,R,Paris Sud Est,83.60,8.93
6/1/2021,Transilien,U,La Verrière - La Défense,83.60,23.98
7/1/2021,RER,A,RER A,83.60,7.79
7/1/2021,RER,B,RER B,83.60,5.71
7/1/2021,RER,C,RER C,83.60,12.64
7/1/2021,RER,D,RER D,83.60,7.68
7/1/2021,RER,E,RER E,83.60,11.47
7/1/2021,Transilien,H,Paris Nord Ouest,83.60,28.84
7/1/2021,Transilien,J,Paris Saint-Lazare Nord,83.60,14.80
7/1/2021,Transilien,K,Paris Nord Crépy,83.60,13.94
7/1/2021,Transilien,L,Paris Saint-Lazare Sud,83.60,28.67
7/1/2021,Transilien,N,Paris Montparnasse,83.60,21.10
7/1/2021,Transilien,P,Paris Est,83.60,12.08
7/1/2021,Transilien,R,Paris Sud Est,83.60,9.84
7/1/2021,Transilien,U,La Verrière - La Défense,83.60,38.83
8/1/2021,RER,A,RER A,83.60,10.30
8/1/2021,RER,B,RER B,83.60,3.12
8/1/2021,RER,C,RER C,83.60,19.68
8/1/2021,RER,D,RER D,83.60,8.02
8/1/2021,RER,E,RER E,83.60,23.29
8/1/2021,Transilien,H,Paris Nord Ouest,83.60,31.47
8/1/2021,Transilien,J,Paris Saint-Lazare Nord,83.60,28.95
8/1/2021,Transilien,K,Paris Nord Crépy,83.60,20.55
8/1/2021,Transilien,L,Paris Saint-Lazare Sud,83.60,30.45
8/1/2021,Transilien,N,Paris Montparnasse,83.60,31.37
8/1/2021,Transilien,P,Paris Est,83.60,17.82
8/1/2021,Transilien,R,Paris Sud Est,83.60,10.73
8/1/2021,Transilien,U,La Verrière - La Défense,83.60,44.14
9/1/2021,RER,A,RER A,83.60,6.31
9/1/2021,RER,B,RER B,83.60,4.27
9/1/2021,RER,C,RER C,83.60,13.61
9/1/2021,RER,D,RER D,83.60,6.51
9/1/2021,RER,E,RER E,83.60,15.58
9/1/2021,Transilien,H,Paris Nord Ouest,83.60,26.09
9/1/2021,Transilien,J,Paris Saint-Lazare Nord,83.60,13.57
9/1/2021,Transilien,K,Paris Nord Crépy,83.60,20.88
9/1/2021,Transilien,L,Paris Saint-Lazare Sud,83.60,12.86
9/1/2021,Transilien,N,Paris Montparnasse,83.60,17.89
9/1/2021,Transilien,P,Paris Est,83.60,10.54
9/1/2021,Transilien,R,Paris Sud Est,83.60,7.43
9/1/2021,Transilien,U,La Verrière - La Défense,83.60,19.63
10/1/2021,RER,A,RER A,83.60,6.46
10/1/2021,RER,B,RER B,83.60,4.09
10/1/2021,RER,C,RER C,83.60,7.39
10/1/2021,RER,D,RER D,83.60,5.78
10/1/2021,RER,E,RER E,83.60,17.20
10/1/2021,Transilien,H,Paris Nord Ouest,83.60,11.23
10/1/2021,Transilien,J,Paris Saint-Lazare Nord,83.60,11.26
10/1/2021,Transilien,K,Paris Nord Crépy,83.60,5.14
10/1/2021,Transilien,L,Paris Saint-Lazare Sud,83.60,11.08
10/1/2021,Transilien,N,Paris Montparnasse,83.60,12.09
10/1/2021,Transilien,P,Paris Est,83.60,8.34
10/1/2021,Transilien,R,Paris Sud Est,83.60,4.03
10/1/2021,Transilien,U,La Verrière - La Défense,83.60,15.06
11/1/2021,RER,A,RER A,83.60,6.17
11/1/2021,RER,B,RER B,83.60,4.28
11/1/2021,RER,C,RER C,83.60,7.44
11/1/2021,RER,D,RER D,83.60,5.89
11/1/2021,RER,E,RER E,83.60,15.44
11/1/2021,Transilien,H,Paris Nord Ouest,83.60,26.59
11/1/2021,Transilien,J,Paris Saint-Lazare Nord,83.60,11.04
11/1/2021,Transilien,K,Paris Nord Crépy,83.60,14.31
11/1/2021,Transilien,L,Paris Saint-Lazare Sud,83.60,12.83
11/1/2021,Transilien,N,Paris Montparnasse,83.60,10.78
11/1/2021,Transilien,P,Paris Est,83.60,7.08
11/1/2021,Transilien,R,Paris Sud Est,83.60,8.12
11/1/2021,Transilien,U,La Verrière - La Défense,83.60,14.83
12/1/2021,RER,A,RER A,83.60,8.08
12/1/2021,RER,B,RER B,83.60,4.79
12/1/2021,RER,C,RER C,83.60,9.59
12/1/2021,RER,D,RER D,83.60,7.05
12/1/2021,RER,E,RER E,83.60,22.01
12/1/2021,Transilien,H,Paris Nord Ouest,83.60,29.46
12/1/2021,Transilien,J,Paris Saint-Lazare Nord,83.60,17.80
12/1/2021,Transilien,K,Paris Nord Crépy,83.60,32.14
12/1/2021,Transilien,L,Paris Saint-Lazare Sud,83.60,19.07
12/1/2021,Transilien,N,Paris Montparnasse,83.60,22.35
12/1/2021,Transilien,P,Paris Est,83.60,13.04
12/1/2021,Transilien,R,Paris Sud Est,83.60,8.22
12/1/2021,Transilien,U,La Verrière - La Défense,83.60,34.45
1/1/2022,RER,A,RER A,83.60,7.50
1/1/2022,RER,B,RER B,83.60,6.41
1/1/2022,RER,C,RER C,83.60,7.10
1/1/2022,RER,D,RER D,83.60,9.80
1/1/2022,RER,E,RER E,83.60,15.91
1/1/2022,Transilien,H,Paris Nord Ouest,83.60,25.39
1/1/2022,Transilien,J,Paris Saint-Lazare Nord,83.60,12.37
1/1/2022,Transilien,K,Paris Nord Crépy,83.60,16.97
1/1/2022,Transilien,L,Paris Saint-Lazare Sud,83.60,10.60
1/1/2022,Transilien,N,Paris Montparnasse,83.60,19.10
1/1/2022,Transilien,P,Paris Est,83.60,9.57
1/1/2022,Transilien,R,Paris Sud Est,83.60,9.71
2/1/2022,RER,A,RER A,83.60,12.33
2/1/2022,RER,B,RER B,83.60,5.65
2/1/2022,RER,C,RER C,83.60,10.92
2/1/2022,RER,D,RER D,83.60,6.27
2/1/2022,RER,E,RER E,83.60,14.41
2/1/2022,Transilien,H,Paris Nord Ouest,83.60,23.29
2/1/2022,Transilien,J,Paris Saint-Lazare Nord,83.60,21.56
2/1/2022,Transilien,K,Paris Nord Crépy,83.60,12.10
2/1/2022,Transilien,L,Paris Saint-Lazare Sud,83.60,22.52
2/1/2022,Transilien,N,Paris Montparnasse,83.60,27.79
2/1/2022,Transilien,P,Paris Est,83.60,8.87
2/1/2022,Transilien,R,Paris Sud Est,83.60,10.71
3/1/2022,RER,A,RER A,83.60,10.24
3/1/2022,RER,B,RER B,83.60,6.09
3/1/2022,RER,C,RER C,83.60,10.89
3/1/2022,RER,D,RER D,83.60,7.15
3/1/2022,RER,E,RER E,83.60,12.17
3/1/2022,Transilien,H,Paris Nord Ouest,83.60,28.45
3/1/2022,Transilien,J,Paris Saint-Lazare Nord,83.60,15.49
3/1/2022,Transilien,K,Paris Nord Crépy,83.60,28.29
3/1/2022,Transilien,L,Paris Saint-Lazare Sud,83.60,17.12
3/1/2022,Transilien,N,Paris Montparnasse,83.60,20.57
3/1/2022,Transilien,P,Paris Est,83.60,7.76
3/1/2022,Transilien,R,Paris Sud Est,83.60,8.45
4/1/2022,RER,A,RER A,83.60,10.30
4/1/2022,RER,B,RER B,83.60,5.26
4/1/2022,RER,C,RER C,83.60,9.31
4/1/2022,RER,D,RER D,83.60,6.79
4/1/2022,RER,E,RER E,83.60,14.23
4/1/2022,Transilien,H,Paris Nord Ouest,83.60,16.78
4/1/2022,Transilien,J,Paris Saint-Lazare Nord,83.60,18.18
4/1/2022,Transilien,K,Paris Nord Crépy,83.60,14.99
4/1/2022,Transilien,L,Paris Saint-Lazare Sud,83.60,17.63
4/1/2022,Transilien,N,Paris Montparnasse,83.60,23.01
4/1/2022,Transilien,P,Paris Est,83.60,11.69
4/1/2022,Transilien,R,Paris Sud Est,83.60,10.02
5/1/2022,RER,A,RER A,83.60,12.95
5/1/2022,RER,B,RER B,83.60,5.75
5/1/2022,RER,C,RER C,83.60,12.69
5/1/2022,RER,D,RER D,83.60,8.38
5/1/2022,RER,E,RER E,83.60,13.71
5/1/2022,Transilien,H,Paris Nord Ouest,83.60,27.33
5/1/2022,Transilien,J,Paris Saint-Lazare Nord,83.60,16.95
5/1/2022,Transilien,K,Paris Nord Crépy,83.60,23.02
5/1/2022,Transilien,L,Paris Saint-Lazare Sud,83.60,39.20
5/1/2022,Transilien,N,Paris Montparnasse,83.60,18.28
5/1/2022,Transilien,P,Paris Est,83.60,9.26
5/1/2022,Transilien,R,Paris Sud Est,83.60,11.95
6/1/2022,RER,A,RER A,83.60,5.19
6/1/2022,RER,B,RER B,83.60,4.70
6/1/2022,RER,C,RER C,83.60,9.94
6/1/2022,RER,D,RER D,83.60,7.00
6/1/2022,RER,E,RER E,83.60,13.13
6/1/2022,Transilien,H,Paris Nord Ouest,83.60,17.97
6/1/2022,Transilien,J,Paris Saint-Lazare Nord,83.60,7.24
6/1/2022,Transilien,K,Paris Nord Crépy,83.60,33.63
6/1/2022,Transilien,L,Paris Saint-Lazare Sud,83.60,8.56
6/1/2022,Transilien,N,Paris Montparnasse,83.60,16.69
6/1/2022,Transilien,P,Paris Est,83.60,4.67
6/1/2022,Transilien,R,Paris Sud Est,83.60,8.09
7/1/2022,RER,A,RER A,83.60,6.11
7/1/2022,RER,B,RER B,83.60,2.82
7/1/2022,RER,C,RER C,83.60,5.40
7/1/2022,RER,D,RER D,83.60,4.64
7/1/2022,RER,E,RER E,83.60,16.91
7/1/2022,Transilien,H,Paris Nord Ouest,83.60,9.93
7/1/2022,Transilien,J,Paris Saint-Lazare Nord,83.60,11.14
7/1/2022,Transilien,K,Paris Nord Crépy,83.60,76.56
7/1/2022,Transilien,L,Paris Saint-Lazare Sud,83.60,15.01
7/1/2022,Transilien,N,Paris Montparnasse,83.60,27.07
7/1/2022,Transilien,P,Paris Est,83.60,6.36
7/1/2022,Transilien,R,Paris Sud Est,83.60,7.90
7/1/2022,Transilien,U,La Verrière - La Défense,83.60,0.82
8/1/2022,RER,A,RER A,83.60,14.71
8/1/2022,RER,B,RER B,83.60,4.67
8/1/2022,RER,C,RER C,83.60,11.38
8/1/2022,RER,D,RER D,83.60,8.01
8/1/2022,RER,E,RER E,83.60,14.45
8/1/2022,Transilien,H,Paris Nord Ouest,83.60,20.96
8/1/2022,Transilien,J,Paris Saint-Lazare Nord,83.60,18.74
8/1/2022,Transilien,K,Paris Nord Crépy,83.60,17.23
8/1/2022,Transilien,L,Paris Saint-Lazare Sud,83.60,30.81
8/1/2022,Transilien,N,Paris Montparnasse,83.60,28.38
8/1/2022,Transilien,P,Paris Est,83.60,9.15
8/1/2022,Transilien,R,Paris Sud Est,83.60,10.85
8/1/2022,Transilien,U,La Verrière - La Défense,83.60,1.72
9/1/2022,RER,A,RER A,83.60,9.83
9/1/2022,RER,B,RER B,83.60,4.70
9/1/2022,RER,C,RER C,83.60,9.82
9/1/2022,RER,D,RER D,83.60,5.18
9/1/2022,RER,E,RER E,83.60,14.74
9/1/2022,Transilien,H,Paris Nord Ouest,83.60,32.06
9/1/2022,Transilien,J,Paris Saint-Lazare Nord,83.60,11.79
9/1/2022,Transilien,K,Paris Nord Crépy,83.60,62.67
9/1/2022,Transilien,L,Paris Saint-Lazare Sud,83.60,15.30
9/1/2022,Transilien,N,Paris Montparnasse,83.60,22.71
9/1/2022,Transilien,P,Paris Est,83.60,9.15
9/1/2022,Transilien,R,Paris Sud Est,83.60,10.86
9/1/2022,Transilien,U,La Verrière - La Défense,83.60,2.84
10/1/2022,RER,A,RER A,83.60,6.85
10/1/2022,RER,B,RER B,83.60,4.21
10/1/2022,RER,C,RER C,83.60,9.33
10/1/2022,RER,D,RER D,83.60,6.86
10/1/2022,RER,E,RER E,83.60,11.54
10/1/2022,Transilien,H,Paris Nord Ouest,83.60,34.77
10/1/2022,Transilien,J,Paris Saint-Lazare Nord,83.60,12.61
10/1/2022,Transilien,K,Paris Nord Crépy,83.60,19.02
10/1/2022,Transilien,L,Paris Saint-Lazare Sud,83.60,11.68
10/1/2022,Transilien,N,Paris Montparnasse,83.60,19.45
10/1/2022,Transilien,P,Paris Est,83.60,9.46
10/1/2022,Transilien,R,Paris Sud Est,83.60,9.20
10/1/2022,Transilien,U,La Verrière - La Défense,83.60,12.06
11/1/2022,RER,A,RER A,83.60,6.22
11/1/2022,RER,B,RER B,83.60,4.69
11/1/2022,RER,C,RER C,83.60,5.81
11/1/2022,RER,D,RER D,83.60,4.97
11/1/2022,RER,E,RER E,83.60,16.22
11/1/2022,Transilien,H,Paris Nord Ouest,83.60,20.58
11/1/2022,Transilien,J,Paris Saint-Lazare Nord,83.60,12.01
11/1/2022,Transilien,K,Paris Nord Crépy,83.60,27.50
11/1/2022,Transilien,L,Paris Saint-Lazare Sud,83.60,16.02
11/1/2022,Transilien,N,Paris Montparnasse,83.60,16.42
11/1/2022,Transilien,P,Paris Est,83.60,8.87
11/1/2022,Transilien,R,Paris Sud Est,83.60,7.33
11/1/2022,Transilien,U,La Verrière - La Défense,83.60,11.78
12/1/2022,RER,A,RER A,83.60,4.74
12/1/2022,RER,B,RER B,83.60,4.40
12/1/2022,RER,C,RER C,83.60,4.49
12/1/2022,RER,D,RER D,83.60,5.46
12/1/2022,RER,E,RER E,83.60,14.45
12/1/2022,Transilien,H,Paris Nord Ouest,83.60,14.59
12/1/2022,Transilien,J,Paris Saint-Lazare Nord,83.60,11.02
12/1/2022,Transilien,K,Paris Nord Crépy,83.60,30.13
12/1/2022,Transilien,L,Paris Saint-Lazare Sud,83.60,11.27
12/1/2022,Transilien,N,Paris Montparnasse,83.60,33.16
12/1/2022,Transilien,P,Paris Est,83.60,11.42
12/1/2022,Transilien,R,Paris Sud Est,83.60,7.67
12/1/2022,Transilien,U,La Verrière - La Défense,83.60,11.04
1/1/2023,RER,A,RER A,83.60,6.18
1/1/2023,RER,B,RER B,83.60,4.02
1/1/2023,RER,C,RER C,83.60,8.64
1/1/2023,RER,D,RER D,83.60,6.80
1/1/2023,RER,E,RER E,83.60,16.35
1/1/2023,Transilien,H,Paris Nord Ouest,83.60,40.18
1/1/2023,Transilien,J,Paris Saint-Lazare Nord,83.60,21.06
1/1/2023,Transilien,K,Paris Nord Crépy,83.60,17.59
1/1/2023,Transilien,L,Paris Saint-Lazare Sud,83.60,26.52
1/1/2023,Transilien,N,Paris Montparnasse,83.60,19.47
1/1/2023,Transilien,P,Paris Est,83.60,9.93
1/1/2023,Transilien,R,Paris Sud Est,83.60,6.50
1/1/2023,Transilien,U,La Verrière - La Défense,83.60,22.20
2/1/2023,RER,A,RER A,83.60,7.12
2/1/2023,RER,B,RER B,83.60,5.61
2/1/2023,RER,C,RER C,83.60,5.89
2/1/2023,RER,D,RER D,83.60,5.69
2/1/2023,RER,E,RER E,83.60,13.82
2/1/2023,Transilien,H,Paris Nord Ouest,83.60,23.28
2/1/2023,Transilien,J,Paris Saint-Lazare Nord,83.60,15.45
2/1/2023,Transilien,K,Paris Nord Crépy,83.60,43.98
2/1/2023,Transilien,L,Paris Saint-Lazare Sud,83.60,27.39
2/1/2023,Transilien,N,Paris Montparnasse,83.60,29.45
2/1/2023,Transilien,P,Paris Est,83.60,14.27
2/1/2023,Transilien,R,Paris Sud Est,83.60,8.24
2/1/2023,Transilien,U,La Verrière - La Défense,83.60,37.54
3/1/2023,RER,A,RER A,83.60,9.39
3/1/2023,RER,B,RER B,83.60,6.94
3/1/2023,RER,C,RER C,83.60,11.23
3/1/2023,RER,D,RER D,83.60,9.92
3/1/2023,RER,E,RER E,83.60,10.27
3/1/2023,Transilien,H,Paris Nord Ouest,83.60,16.87
3/1/2023,Transilien,J,Paris Saint-Lazare Nord,83.60,22.99
3/1/2023,Transilien,K,Paris Nord Crépy,83.60,23.16
3/1/2023,Transilien,L,Paris Saint-Lazare Sud,83.60,36.89
3/1/2023,Transilien,N,Paris Montparnasse,83.60,16.67
3/1/2023,Transilien,P,Paris Est,83.60,7.72
3/1/2023,Transilien,R,Paris Sud Est,83.60,8.95
3/1/2023,Transilien,U,La Verrière - La Défense,83.60,23.92
4/1/2023,RER,A,RER A,83.60,8.79
4/1/2023,RER,B,RER B,83.60,4.49
4/1/2023,RER,C,RER C,83.60,8.38
4/1/2023,RER,D,RER D,83.60,7.77
4/1/2023,RER,E,RER E,83.60,27.46
4/1/2023,Transilien,H,Paris Nord Ouest,83.60,29.16
4/1/2023,Transilien,J,Paris Saint-Lazare Nord,83.60,15.36
4/1/2023,Transilien,K,Paris Nord Crépy,83.60,12.88
4/1/2023,Transilien,L,Paris Saint-Lazare Sud,83.60,25.91
4/1/2023,Transilien,N,Paris Montparnasse,83.60,31.92
4/1/2023,Transilien,P,Paris Est,83.60,13.80
4/1/2023,Transilien,R,Paris Sud Est,83.60,7.33
4/1/2023,Transilien,U,La Verrière - La Défense,83.60,19.00
5/1/2023,RER,A,RER A,83.60,7.18
5/1/2023,RER,B,RER B,83.60,4.05
5/1/2023,RER,C,RER C,83.60,7.00
5/1/2023,RER,D,RER D,83.60,6.63
5/1/2023,RER,E,RER E,83.60,18.81
5/1/2023,Transilien,H,Paris Nord Ouest,83.60,13.15
5/1/2023,Transilien,J,Paris Saint-Lazare Nord,83.60,9.39
5/1/2023,Transilien,K,Paris Nord Crépy,83.60,11.28
5/1/2023,Transilien,L,Paris Saint-Lazare Sud,83.60,11.26
5/1/2023,Transilien,N,Paris Montparnasse,83.60,21.70
5/1/2023,Transilien,P,Paris Est,83.60,16.11
5/1/2023,Transilien,R,Paris Sud Est,83.60,9.42
5/1/2023,Transilien,U,La Verrière - La Défense,83.60,21.88
6/1/2023,RER,A,RER A,83.60,6.47
6/1/2023,RER,B,RER B,83.60,4.91
6/1/2023,RER,C,RER C,83.60,4.67
6/1/2023,RER,D,RER D,83.60,4.44
6/1/2023,RER,E,RER E,83.60,12.02
6/1/2023,Transilien,H,Paris Nord Ouest,83.60,10.09
6/1/2023,Transilien,J,Paris Saint-Lazare Nord,83.60,11.07
6/1/2023,Transilien,K,Paris Nord Crépy,83.60,15.94
6/1/2023,Transilien,L,Paris Saint-Lazare Sud,83.60,10.64
6/1/2023,Transilien,N,Paris Montparnasse,83.60,20.19
6/1/2023,Transilien,P,Paris Est,83.60,9.31
6/1/2023,Transilien,R,Paris Sud Est,83.60,6.99
6/1/2023,Transilien,U,La Verrière - La Défense,83.60,20.68
7/1/2023,RER,A,RER A,83.60,7.16
7/1/2023,RER,B,RER B,83.60,5.90
7/1/2023,RER,C,RER C,83.60,4.59
7/1/2023,RER,D,RER D,83.60,8.74
7/1/2023,RER,E,RER E,83.60,13.36
7/1/2023,Transilien,H,Paris Nord Ouest,83.60,20.71
7/1/2023,Transilien,J,Paris Saint-Lazare Nord,83.60,16.59
7/1/2023,Transilien,K,Paris Nord Crépy,83.60,10.80
7/1/2023,Transilien,L,Paris Saint-Lazare Sud,83.60,25.67
7/1/2023,Transilien,N,Paris Montparnasse,83.60,24.07
7/1/2023,Transilien,P,Paris Est,83.60,9.24
7/1/2023,Transilien,R,Paris Sud Est,83.60,10.15
7/1/2023,Transilien,U,La Verrière - La Défense,83.60,48.91
8/1/2023,RER,A,RER A,83.60,11.72
8/1/2023,RER,B,RER B,83.60,8.34
8/1/2023,RER,C,RER C,83.60,12.04
8/1/2023,RER,D,RER D,83.60,8.68
8/1/2023,RER,E,RER E,83.60,17.84
8/1/2023,Transilien,H,Paris Nord Ouest,83.60,31.81
8/1/2023,Transilien,J,Paris Saint-Lazare Nord,83.60,21.68
8/1/2023,Transilien,K,Paris Nord Crépy,83.60,36.58
8/1/2023,Transilien,L,Paris Saint-Lazare Sud,83.60,20.61
8/1/2023,Transilien,N,Paris Montparnasse,83.60,28.79
8/1/2023,Transilien,P,Paris Est,83.60,6.90
8/1/2023,Transilien,R,Paris Sud Est,83.60,14.88
8/1/2023,Transilien,U,La Verrière - La Défense,83.60,39.48
9/1/2023,RER,A,RER A,83.60,6.38
9/1/2023,RER,B,RER B,83.60,4.63
9/1/2023,RER,C,RER C,83.60,5.58
9/1/2023,RER,D,RER D,83.60,7.42
9/1/2023,RER,E,RER E,83.60,19.30
9/1/2023,Transilien,H,Paris Nord Ouest,83.60,22.30
9/1/2023,Transilien,J,Paris Saint-Lazare Nord,83.60,12.52
9/1/2023,Transilien,K,Paris Nord Crépy,83.60,22.36
9/1/2023,Transilien,L,Paris Saint-Lazare Sud,83.60,17.84
9/1/2023,Transilien,N,Paris Montparnasse,83.60,25.63
9/1/2023,Transilien,P,Paris Est,83.60,10.44
9/1/2023,Transilien,R,Paris Sud Est,83.60,9.61
9/1/2023,Transilien,U,La Verrière - La Défense,83.60,24.32
10/1/2023,RER,A,RER A,83.60,5.33
10/1/2023,RER,B,RER B,83.60,5.01
10/1/2023,RER,C,RER C,83.60,7.33
10/1/2023,RER,D,RER D,83.60,5.73
10/1/2023,RER,E,RER E,83.60,14.73
10/1/2023,Transilien,H,Paris Nord Ouest,83.60,23.42
10/1/2023,Transilien,J,Paris Saint-Lazare Nord,83.60,15.74
10/1/2023,Transilien,K,Paris Nord Crépy,83.60,48.88
10/1/2023,Transilien,L,Paris Saint-Lazare Sud,83.60,17.44
10/1/2023,Transilien,N,Paris Montparnasse,83.60,10.32
10/1/2023,Transilien,P,Paris Est,83.60,5.67
10/1/2023,Transilien,R,Paris Sud Est,83.60,5.66
10/1/2023,Transilien,U,La Verrière - La Défense,83.60,20.70
11/1/2023,RER,A,RER A,83.60,3.10
11/1/2023,RER,B,RER B,83.60,3.39
11/1/2023,RER,C,RER C,83.60,4.58
11/1/2023,RER,D,RER D,83.60,4.48
11/1/2023,RER,E,RER E,83.60,9.47
11/1/2023,Transilien,H,Paris Nord Ouest,83.60,9.86
11/1/2023,Transilien,J,Paris Saint-Lazare Nord,83.60,4.95
11/1/2023,Transilien,K,Paris Nord Crépy,83.60,7.51
11/1/2023,Transilien,L,Paris Saint-Lazare Sud,83.60,6.51
11/1/2023,Transilien,N,Paris Montparnasse,83.60,4.74
11/1/2023,Transilien,P,Paris Est,83.60,3.30
11/1/2023,Transilien,R,Paris Sud Est,83.60,7.99
11/1/2023,Transilien,U,La Verrière - La Défense,83.60,6.73
12/1/2023,RER,A,RER A,83.60,6.28
12/1/2023,RER,B,RER B,83.60,4.17
12/1/2023,RER,C,RER C,83.60,4.38
12/1/2023,RER,D,RER D,83.60,4.45
12/1/2023,RER,E,RER E,83.60,16.39
12/1/2023,Transilien,H,Paris Nord Ouest,83.60,21.07
12/1/2023,Transilien,J,Paris Saint-Lazare Nord,83.60,11.65
12/1/2023,Transilien,K,Paris Nord Crépy,83.60,26.11
12/1/2023,Transilien,L,Paris Saint-Lazare Sud,83.60,14.94
12/1/2023,Transilien,N,Paris Montparnasse,83.60,9.45
12/1/2023,Transilien,P,Paris Est,83.60,8.56
12/1/2023,Transilien,R,Paris Sud Est,83.60,11.11
12/1/2023,Transilien,U,La Verrière - La Défense,83.60,11.81
1/1/2024,RER,A,RER A,83.60,4.46
1/1/2024,RER,B,RER B,83.60,5.40
1/1/2024,RER,C,RER C,83.60,4.24
1/1/2024,RER,D,RER D,83.60,4.90
1/1/2024,RER,E,RER E,83.60,16.07
1/1/2024,Transilien,H,Paris Nord Ouest,83.60,13.26
1/1/2024,Transilien,J,Paris Saint-Lazare Nord,83.60,9.60
1/1/2024,Transilien,K,Paris Nord Crépy,83.60,22.94
1/1/2024,Transilien,L,Paris Saint-Lazare Sud,83.60,9.77
1/1/2024,Transilien,N,Paris Montparnasse,83.60,11.49
1/1/2024,Transilien,P,Paris Est,83.60,6.69
1/1/2024,Transilien,R,Paris Sud Est,83.60,7.76
1/1/2024,Transilien,U,La Verrière - La Défense,83.60,10.37
2/1/2024,RER,A,RER A,83.60,8.46
2/1/2024,RER,B,RER B,83.60,5.30
2/1/2024,RER,C,RER C,83.60,5.39
2/1/2024,RER,D,RER D,83.60,7.37
2/1/2024,RER,E,RER E,83.60,9.97
2/1/2024,Transilien,H,Paris Nord Ouest,83.60,16.58
2/1/2024,Transilien,J,Paris Saint-Lazare Nord,83.60,16.10
2/1/2024,Transilien,K,Paris Nord Crépy,83.60,24.77
2/1/2024,Transilien,L,Paris Saint-Lazare Sud,83.60,18.50
2/1/2024,Transilien,N,Paris Montparnasse,83.60,20.55
2/1/2024,Transilien,P,Paris Est,83.60,8.48
2/1/2024,Transilien,R,Paris Sud Est,83.60,9.79
2/1/2024,Transilien,U,La Verrière - La Défense,83.60,30.65
3/1/2024,RER,A,RER A,83.60,7.62
3/1/2024,RER,B,RER B,83.60,5.83
3/1/2024,RER,C,RER C,83.60,6.27
3/1/2024,RER,D,RER D,83.60,4.52
3/1/2024,RER,E,RER E,83.60,17.59
3/1/2024,Transilien,H,Paris Nord Ouest,83.60,22.91
3/1/2024,Transilien,J,Paris Saint-Lazare Nord,83.60,15.14
3/1/2024,Transilien,K,Paris Nord Crépy,83.60,40.21
3/1/2024,Transilien,L,Paris Saint-Lazare Sud,83.60,15.05
3/1/2024,Transilien,N,Paris Montparnasse,83.60,19.42
3/1/2024,Transilien,P,Paris Est,83.60,15.54
3/1/2024,Transilien,R,Paris Sud Est,83.60,7.97
3/1/2024,Transilien,U,La Verrière - La Défense,83.60,13.58
4/1/2024,RER,A,RER A,83.60,6.16
4/1/2024,RER,B,RER B,83.60,7.22
4/1/2024,RER,C,RER C,83.60,9.12
4/1/2024,RER,D,RER D,83.60,6.83
4/1/2024,RER,E,RER E,83.60,11.52
4/1/2024,Transilien,H,Paris Nord Ouest,83.60,21.77
4/1/2024,Transilien,J,Paris Saint-Lazare Nord,83.60,15.92
4/1/2024,Transilien,K,Paris Nord Crépy,83.60,18.61
4/1/2024,Transilien,L,Paris Saint-Lazare Sud,83.60,20.91
4/1/2024,Transilien,N,Paris Montparnasse,83.60,19.74
4/1/2024,Transilien,P,Paris Est,83.60,14.40
4/1/2024,Transilien,R,Paris Sud Est,83.60,10.23
4/1/2024,Transilien,U,La Verrière - La Défense,83.60,21.61
5/1/2024,RER,A,RER A,83.60,6.52
5/1/2024,RER,B,RER B,83.60,7.00
5/1/2024,RER,C,RER C,83.60,5.93
5/1/2024,RER,D,RER D,83.60,8.52
5/1/2024,RER,E,RER E,83.60,13.69
5/1/2024,Transilien,H,Paris Nord Ouest,83.60,22.23
5/1/2024,Transilien,J,Paris Saint-Lazare Nord,83.60,12.57
5/1/2024,Transilien,K,Paris Nord Crépy,83.60,38.09
5/1/2024,Transilien,L,Paris Saint-Lazare Sud,83.60,14.42
5/1/2024,Transilien,N,Paris Montparnasse,83.60,30.21
5/1/2024,Transilien,P,Paris Est,83.60,10.63
5/1/2024,Transilien,R,Paris Sud Est,83.60,10.73
5/1/2024,Transilien,U,La Verrière - La Défense,83.60,23.33
6/1/2024,RER,A,RER A,83.60,8.94
6/1/2024,RER,B,RER B,83.60,5.02
6/1/2024,RER,C,RER C,83.60,7.37
6/1/2024,RER,D,RER D,83.60,6.20
6/1/2024,RER,E,RER E,83.60,9.73
6/1/2024,Transilien,H,Paris Nord Ouest,83.60,33.04
6/1/2024,Transilien,J,Paris Saint-Lazare Nord,83.60,12.88
6/1/2024,Transilien,K,Paris Nord Crépy,83.60,35.19
6/1/2024,Transilien,L,Paris Saint-Lazare Sud,83.60,13.17
6/1/2024,Transilien,N,Paris Montparnasse,83.60,28.05
6/1/2024,Transilien,P,Paris Est,83.60,11.05
6/1/2024,Transilien,R,Paris Sud Est,83.60,8.43
6/1/2024,Transilien,U,La Verrière - La Défense,83.60,17.74
7/1/2024,RER,A,RER A,83.60,8.40
7/1/2024,RER,B,RER B,83.60,8.44
7/1/2024,RER,C,RER C,83.60,11.40
7/1/2024,RER,D,RER D,83.60,11.16
7/1/2024,RER,E,RER E,83.60,18.60
7/1/2024,Transilien,H,Paris Nord Ouest,83.60,30.42
7/1/2024,Transilien,J,Paris Saint-Lazare Nord,83.60,16.84
7/1/2024,Transilien,K,Paris Nord Crépy,83.60,36.86
7/1/2024,Transilien,L,Paris Saint-Lazare Sud,83.60,21.37
7/1/2024,Transilien,N,Paris Montparnasse,83.60,21.25
7/1/2024,Transilien,P,Paris Est,83.60,15.93
7/1/2024,Transilien,R,Paris Sud Est,83.60,9.34
7/1/2024,Transilien,U,La Verrière - La Défense,83.60,23.32
8/1/2024,RER,A,RER A,83.60,10.57
8/1/2024,RER,B,RER B,83.60,12.09
8/1/2024,RER,C,RER C,83.60,22.75
8/1/2024,RER,D,RER D,83.60,14.09
8/1/2024,RER,E,RER E,83.60,27.28
8/1/2024,Transilien,H,Paris Nord Ouest,83.60,49.10
8/1/2024,Transilien,J,Paris Saint-Lazare Nord,83.60,23.47
8/1/2024,Transilien,K,Paris Nord Crépy,83.60,29.88
8/1/2024,Transilien,L,Paris Saint-Lazare Sud,83.60,60.07
8/1/2024,Transilien,N,Paris Montparnasse,83.60,27.34
8/1/2024,Transilien,P,Paris Est,83.60,25.00
8/1/2024,Transilien,R,Paris Sud Est,83.60,23.43
8/1/2024,Transilien,U,La Verrière - La Défense,83.60,62.33
9/1/2024,RER,A,RER A,83.60,10.03
9/1/2024,RER,B,RER B,83.60,6.61
9/1/2024,RER,C,RER C,83.60,10.12
9/1/2024,RER,D,RER D,83.60,8.62
9/1/2024,RER,E,RER E,83.60,12.13
9/1/2024,Transilien,H,Paris Nord Ouest,83.60,38.66
9/1/2024,Transilien,J,Paris Saint-Lazare Nord,83.60,22.71
9/1/2024,Transilien,K,Paris Nord Crépy,83.60,37.35
9/1/2024,Transilien,L,Paris Saint-Lazare Sud,83.60,31.72
9/1/2024,Transilien,N,Paris Montparnasse,83.60,27.42
9/1/2024,Transilien,P,Paris Est,83.60,13.20
9/1/2024,Transilien,R,Paris Sud Est,83.60,13.69
9/1/2024,Transilien,U,La Verrière - La Défense,83.60,25.97
10/1/2024,RER,A,RER A,83.60,6.11
10/1/2024,RER,B,RER B,83.60,5.32
10/1/2024,RER,C,RER C,83.60,6.27
10/1/2024,RER,D,RER D,83.60,5.75
10/1/2024,RER,E,RER E,83.60,9.93
10/1/2024,Transilien,H,Paris Nord Ouest,83.60,15.04
10/1/2024,Transilien,J,Paris Saint-Lazare Nord,83.60,12.78
10/1/2024,Transilien,K,Paris Nord Crépy,83.60,17.34
10/1/2024,Transilien,L,Paris Saint-Lazare Sud,83.60,19.40
10/1/2024,Transilien,N,Paris Montparnasse,83.60,15.59
10/1/2024,Transilien,P,Paris Est,83.60,9.36
10/1/2024,Transilien,R,Paris Sud Est,83.60,16.87
10/1/2024,Transilien,U,La Verrière - La Défense,83.60,16.73
11/1/2024,RER,A,RER A,83.60,6.14
11/1/2024,RER,B,RER B,83.60,5.37
11/1/2024,RER,C,RER C,83.60,5.44
11/1/2024,RER,D,RER D,83.60,5.62
11/1/2024,RER,E,RER E,83.60,14.45
11/1/2024,Transilien,H,Paris Nord Ouest,83.60,16.16
11/1/2024,Transilien,J,Paris Saint-Lazare Nord,83.60,14.34
11/1/2024,Transilien,K,Paris Nord Crépy,83.60,16.00
11/1/2024,Transilien,L,Paris Saint-Lazare Sud,83.60,18.94
11/1/2024,Transilien,N,Paris Montparnasse,83.60,10.91
11/1/2024,Transilien,P,Paris Est,83.60,8.14
11/1/2024,Transilien,R,Paris Sud Est,83.60,9.88
11/1/2024,Transilien,U,La Verrière - La Défense,83.60,13.88
12/1/2024,RER,A,RER A,83.60,7.04
12/1/2024,RER,B,RER B,83.60,4.11
12/1/2024,RER,C,RER C,83.60,6.84
12/1/2024,RER,D,RER D,83.60,8.18
12/1/2024,RER,E,RER E,83.60,8.70
12/1/2024,Transilien,H,Paris Nord Ouest,83.60,15.92
12/1/2024,Transilien,J,Paris Saint-Lazare Nord,83.60,19.23
12/1/2024,Transilien,K,Paris Nord Crépy,83.60,12.18
12/1/2024,Transilien,L,Paris Saint-Lazare Sud,83.60,17.83
12/1/2024,Transilien,N,Paris Montparnasse,83.60,17.87
12/1/2024,Transilien,P,Paris Est,83.60,9.97
12/1/2024,Transilien,R,Paris Sud Est,83.60,12.00
12/1/2024,Transilien,U,La Verrière - La Défense,83.60,15.51
1/1/2025,RER,A,RER A,83.60,7.80
1/1/2025,RER,B,RER B,83.60,5.29
1/1/2025,RER,C,RER C,83.60,4.70
1/1/2025,RER,D,RER D,83.60,6.86
1/1/2025,RER,E,RER E,83.60,7.24
1/1/2025,Transilien,H,Paris Nord Ouest,83.60,17.89
1/1/2025,Transilien,J,Paris Saint-Lazare Nord,83.60,12.23
1/1/2025,Transilien,K,Paris Nord Crépy,83.60,23.90
1/1/2025,Transilien,L,Paris Saint-Lazare Sud,83.60,18.37
1/1/2025,Transilien,N,Paris Montparnasse,83.60,12.64
1/1/2025,Transilien,P,Paris Est,83.60,11.43
1/1/2025,Transilien,R,Paris Sud Est,83.60,7.70
1/1/2025,Transilien,U,La Verrière - La Défense,83.60,7.37
2/1/2025,RER,A,RER A,83.60,11.59
2/1/2025,RER,B,RER B,83.60,7.83
2/1/2025,RER,C,RER C,83.60,5.62
2/1/2025,RER,D,RER D,83.60,5.61
2/1/2025,RER,E,RER E,83.60,5.91
2/1/2025,Transilien,H,Paris Nord Ouest,83.60,22.59
2/1/2025,Transilien,J,Paris Saint-Lazare Nord,83.60,17.68
2/1/2025,Transilien,K,Paris Nord Crépy,83.60,50.42
2/1/2025,Transilien,L,Paris Saint-Lazare Sud,83.60,16.29
2/1/2025,Transilien,N,Paris Montparnasse,83.60,16.72
2/1/2025,Transilien,P,Paris Est,83.60,6.97
2/1/2025,Transilien,R,Paris Sud Est,83.60,7.15
2/1/2025,Transilien,U,La Verrière - La Défense,83.60,11.29
3/1/2025,RER,A,RER A,83.60,8.16
3/1/2025,RER,B,RER B,83.60,6.57
3/1/2025,RER,C,RER C,83.60,7.61
3/1/2025,RER,D,RER D,83.60,7.11
3/1/2025,RER,E,RER E,83.60,10.43
3/1/2025,Transilien,H,Paris Nord Ouest,83.60,26.34
3/1/2025,Transilien,J,Paris Saint-Lazare Nord,83.60,15.23
3/1/2025,Transilien,K,Paris Nord Crépy,83.60,29.45
3/1/2025,Transilien,L,Paris Saint-Lazare Sud,83.60,20.81
3/1/2025,Transilien,N,Paris Montparnasse,83.60,21.65
3/1/2025,Transilien,P,Paris Est,83.60,11.67
3/1/2025,Transilien,R,Paris Sud Est,83.60,9.62
3/1/2025,Transilien,U,La Verrière - La Défense,83.60,19.64
4/1/2025,RER,A,RER A,83.60,8.57
4/1/2025,RER,B,RER B,83.60,7.18
4/1/2025,RER,C,RER C,83.60,8.99
4/1/2025,RER,D,RER D,83.60,5.12
4/1/2025,RER,E,RER E,83.60,9.61
4/1/2025,Transilien,H,Paris Nord Ouest,83.60,12.77
4/1/2025,Transilien,J,Paris Saint-Lazare Nord,83.60,14.34
4/1/2025,Transilien,K,Paris Nord Crépy,83.60,21.52
4/1/2025,Transilien,L,Paris Saint-Lazare Sud,83.60,18.30
4/1/2025,Transilien,N,Paris Montparnasse,83.60,15.16
4/1/2025,Transilien,P,Paris Est,83.60,13.82
4/1/2025,Transilien,R,Paris Sud Est,83.60,6.43
4/1/2025,Transilien,U,La Verrière - La Défense,83.60,17.73
5/1/2025,RER,A,RER A,83.60,8.30
5/1/2025,RER,B,RER B,83.60,6.95
5/1/2025,RER,C,RER C,83.60,12.27
5/1/2025,RER,D,RER D,83.60,5.44
5/1/2025,RER,E,RER E,83.60,8.88
5/1/2025,Transilien,H,Paris Nord Ouest,83.60,23.48
5/1/2025,Transilien,J,Paris Saint-Lazare Nord,83.60,15.90
5/1/2025,Transilien,K,Paris Nord Crépy,83.60,20.40
5/1/2025,Transilien,L,Paris Saint-Lazare Sud,83.60,19.44
5/1/2025,Transilien,N,Paris Montparnasse,83.60,25.78
5/1/2025,Transilien,P,Paris Est,83.60,8.02
5/1/2025,Transilien,R,Paris Sud Est,83.60,13.18
5/1/2025,Transilien,U,La Verrière - La Défense,83.60,15.38
6/1/2025,RER,A,RER A,83.60,4.25
6/1/2025,RER,B,RER B,83.60,6.24
6/1/2025,RER,C,RER C,83.60,6.18
6/1/2025,RER,D,RER D,83.60,5.74
6/1/2025,RER,E,RER E,83.60,7.41
6/1/2025,Transilien,H,Paris Nord Ouest,83.60,12.87
6/1/2025,Transilien,J,Paris Saint-Lazare Nord,83.60,12.50
6/1/2025,Transilien,K,Paris Nord Crépy,83.60,11.04
6/1/2025,Transilien,L,Paris Saint-Lazare Sud,83.60,12.61
6/1/2025,Transilien,N,Paris Montparnasse,83.60,22.76
6/1/2025,Transilien,P,Paris Est,83.60,7.00
6/1/2025,Transilien,R,Paris Sud Est,83.60,6.66
6/1/2025,Transilien,U,La Verrière - La Défense,83.60,10.26
7/1/2025,RER,A,RER A,83.60,8.41
7/1/2025,RER,B,RER B,83.60,7.80
7/1/2025,RER,C,RER C,83.60,7.56
7/1/2025,RER,D,RER D,83.60,6.13
7/1/2025,RER,E,RER E,83.60,12.74
7/1/2025,Transilien,H,Paris Nord Ouest,83.60,19.18
7/1/2025,Transilien,J,Paris Saint-Lazare Nord,83.60,11.34
7/1/2025,Transilien,K,Paris Nord Crépy,83.60,19.95
7/1/2025,Transilien,L,Paris Saint-Lazare Sud,83.60,12.02
7/1/2025,Transilien,N,Paris Montparnasse,83.60,20.57
7/1/2025,Transilien,P,Paris Est,83.60,11.96
7/1/2025,Transilien,R,Paris Sud Est,83.60,8.62
7/1/2025,Transilien,U,La Verrière - La Défense,83.60,18.32
8/1/2025,RER,A,RER A,83.60,18.06
8/1/2025,RER,B,RER B,83.60,14.83
8/1/2025,RER,C,RER C,83.60,18.21
8/1/2025,RER,D,RER D,83.60,9.14
8/1/2025,RER,E,RER E,83.60,18.14
8/1/2025,Transilien,H,Paris Nord Ouest,83.60,35.19
8/1/2025,Transilien,J,Paris Saint-Lazare Nord,83.60,18.31
8/1/2025,Transilien,K,Paris Nord Crépy,83.60,12.75
8/1/2025,Transilien,L,Paris Saint-Lazare Sud,83.60,21.19
8/1/2025,Transilien,N,Paris Montparnasse,83.60,42.04
8/1/2025,Transilien,P,Paris Est,83.60,16.79
8/1/2025,Transilien,R,Paris Sud Est,83.60,11.11
8/1/2025,Transilien,U,La Verrière - La Défense,83.60,64.86
9/1/2025,RER,A,RER A,83.60,11.67
9/1/2025,RER,B,RER B,83.60,6.02
9/1/2025,RER,C,RER C,83.60,9.43
9/1/2025,RER,D,RER D,83.60,6.22
9/1/2025,RER,E,RER E,83.60,11.08
9/1/2025,Transilien,H,Paris Nord Ouest,83.60,16.61
9/1/2025,Transilien,J,Paris Saint-Lazare Nord,83.60,20.94
9/1/2025,Transilien,K,Paris Nord Crépy,83.60,9.45
9/1/2025,Transilien,L,Paris Saint-Lazare Sud,83.60,15.75
9/1/2025,Transilien,N,Paris Montparnasse,83.60,32.97
9/1/2025,Transilien,P,Paris Est,83.60,13.31
9/1/2025,Transilien,R,Paris Sud Est,83.60,5.86
9/1/2025,Transilien,U,La Verrière - La Défense,83.60,10.42
